[
{
  "model": "auth.user",
  "fields": {
    "password": "pbkdf2_sha256$1000000$ia2KsZxudFqbnGv4ZbXhtO$WfQhwhjMg4tt5fAHW+xlHUuPBYtHnxVPnpFqprrDdyM=",
    "last_login": "2026-04-19T09:19:25.690Z",
    "is_superuser": true,
    "username": "admin",
    "first_name": "",
    "last_name": "",
    "email": "",
    "is_staff": true,
    "is_active": true,
    "date_joined": "2026-03-27T09:55:46.839Z",
    "groups": [],
    "user_permissions": []
  }
},
{
  "model": "auth.user",
  "fields": {
    "password": "pbkdf2_sha256$1000000$l6o0bNJZnp0aBAZV1Pe6EZ$CBmC0MqutasUSsN69oDQmZl51i+6tj97YdghDHc0Yek=",
    "last_login": null,
    "is_superuser": false,
    "username": "gg",
    "first_name": "Quách",
    "last_name": "Ngân",
    "email": "ngthu848@gmail.com",
    "is_staff": false,
    "is_active": true,
    "date_joined": "2026-03-27T09:59:39Z",
    "groups": [],
    "user_permissions": []
  }
},
{
  "model": "auth.user",
  "fields": {
    "password": "pbkdf2_sha256$1000000$Ckd2DK8wedOh0Mojg1bkN8$4mIU7kQNwpWJpCSITQ73jfRv4D3i729z2lxXqHLaZy4=",
    "last_login": null,
    "is_superuser": false,
    "username": "user03",
    "first_name": "Quách",
    "last_name": "Ngân",
    "email": "user03@gmail.com",
    "is_staff": false,
    "is_active": true,
    "date_joined": "2026-04-02T16:32:29Z",
    "groups": [],
    "user_permissions": []
  }
},
{
  "model": "auth.user",
  "fields": {
    "password": "pbkdf2_sha256$1000000$ekrXg80CtHoG6i7KNvHpM1$JuPhdd1M/zTUAr7i4bM3VGv5jeE1uwilZfsZlXHQQMI=",
    "last_login": "2026-04-03T05:35:47Z",
    "is_superuser": false,
    "username": "user02",
    "first_name": "Nguyễn",
    "last_name": "Thư",
    "email": "user02@gmail.com",
    "is_staff": false,
    "is_active": true,
    "date_joined": "2026-04-03T05:33:09Z",
    "groups": [],
    "user_permissions": []
  }
},
{
  "model": "auth.user",
  "fields": {
    "password": "!Rq3KS69caqJTu2UdX9qV5qNdJvCk1d2rN7k61ao6",
    "last_login": null,
    "is_superuser": false,
    "username": "fb_2384267685405360",
    "first_name": "Thư",
    "last_name": "Nguyễn",
    "email": "fb_2384267685405360@placeholder.local",
    "is_staff": false,
    "is_active": true,
    "date_joined": "2026-04-16T11:33:15.899Z",
    "groups": [],
    "user_permissions": []
  }
},
{
  "model": "auth.user",
  "fields": {
    "password": "pbkdf2_sha256$1000000$0ERzTSYFgfsETZk5NpQAtM$bwecWX5k6olV23fKwXNvlssanvKzK0WNf8pqeSokFf0=",
    "last_login": null,
    "is_superuser": false,
    "username": "user01",
    "first_name": "Nguyễn",
    "last_name": "Sang",
    "email": "user01@gmail.com",
    "is_staff": false,
    "is_active": true,
    "date_joined": "2026-04-18T07:01:48Z",
    "groups": [],
    "user_permissions": []
  }
},
{
  "model": "auth.user",
  "fields": {
    "password": "pbkdf2_sha256$1000000$vpV65s0G9scFiusBCjj8oa$z9J06jBSsPKnpc/KidlDMFV9tDMJ8EZo2SW00fQDWYU=",
    "last_login": null,
    "is_superuser": false,
    "username": "user04",
    "first_name": "Trần Trọng",
    "last_name": "Phúc",
    "email": "user04@gmail.com",
    "is_staff": false,
    "is_active": true,
    "date_joined": "2026-04-18T07:03:15Z",
    "groups": [],
    "user_permissions": []
  }
},
{
  "model": "auth.user",
  "fields": {
    "password": "pbkdf2_sha256$1000000$OGgCSQPXrnXCN2EEZW49XA$axn85MCVrcJ/eqczBHo4Q+d23zs4owjxwARBqbdyv0A=",
    "last_login": null,
    "is_superuser": false,
    "username": "user05",
    "first_name": "",
    "last_name": "",
    "email": "user05@gmail.com",
    "is_staff": false,
    "is_active": true,
    "date_joined": "2026-04-19T09:13:37.691Z",
    "groups": [],
    "user_permissions": []
  }
},
{
  "model": "sessions.session",
  "pk": "bg2d49t8au1rg98mk0m50g8mq3bobskx",
  "fields": {
    "session_data": ".eJxVjEEKwyAQAP-y5yKKGjXH3vsGWd21pi0KMTmV_r0EcmivM8O8IeK-1bgPXuNCMIOCyy9LmJ_cDkEPbPcucm_buiRxJOK0Q9w68et6tn-DiqPCDNYFmYNSihyjnqigydJiUd6lVLQOJIlUsS4b41Mmy8FOkj2T0cGmAp8v7Lo4bg:1w6moJ:Nldyt4h106S7mSxDbFUAswBjiTlzLDYQigW9AWC2fCA",
    "expire_date": "2026-04-12T09:51:59.519Z"
  }
},
{
  "model": "sessions.session",
  "pk": "gkt9lizvhnpk89v7exfnh3xmryiwxu2x",
  "fields": {
    "session_data": ".eJxVjEEKwyAQAP-y5yKKGjXH3vsGWd21pi0KMTmV_r0EcmivM8O8IeK-1bgPXuNCMIOCyy9LmJ_cDkEPbPcucm_buiRxJOK0Q9w68et6tn-DiqPCDNYFmYNSihyjnqigydJiUd6lVLQOJIlUsS4b41Mmy8FOkj2T0cGmAp8v7Lo4bg:1w8XCV:QxFukJLdkZG8iRMuqPKNQUDlqPwC55vYFjuqWNMMFyA",
    "expire_date": "2026-04-17T05:36:11.107Z"
  }
},
{
  "model": "sessions.session",
  "pk": "jmuzdz3826nwfjkic2b2mafdkbsu3f2j",
  "fields": {
    "session_data": ".eJxVjEEKwyAQAP-y5yKKGjXH3vsGWd21pi0KMTmV_r0EcmivM8O8IeK-1bgPXuNCMIOCyy9LmJ_cDkEPbPcucm_buiRxJOK0Q9w68et6tn-DiqPCDNYFmYNSihyjnqigydJiUd6lVLQOJIlUsS4b41Mmy8FOkj2T0cGmAp8v7Lo4bg:1wEOJJ:oeJrH-Ti7IBpRfQ9EdmgJTAMOABGEf71x1UweX4S7k8",
    "expire_date": "2026-05-03T09:19:25.694Z"
  }
},
{
  "model": "sessions.session",
  "pk": "of4shmjovii3gricz838d3218vf6gp70",
  "fields": {
    "session_data": ".eJxVjEEKwyAQAP-y5yKKGjXH3vsGWd21pi0KMTmV_r0EcmivM8O8IeK-1bgPXuNCMIOCyy9LmJ_cDkEPbPcucm_buiRxJOK0Q9w68et6tn-DiqPCDNYFmYNSihyjnqigydJiUd6lVLQOJIlUsS4b41Mmy8FOkj2T0cGmAp8v7Lo4bg:1wAocE:6W8F05j1ZAzPYXNbdh0sRO-jEu7D5v6kJ_8kR6nMXIE",
    "expire_date": "2026-04-23T12:36:10.645Z"
  }
},
{
  "model": "sessions.session",
  "pk": "qi7lacaohrdu8e9cymem4d0qtdi16z4c",
  "fields": {
    "session_data": ".eJxVjEEKwyAQAP-y5yKKGjXH3vsGWd21pi0KMTmV_r0EcmivM8O8IeK-1bgPXuNCMIOCyy9LmJ_cDkEPbPcucm_buiRxJOK0Q9w68et6tn-DiqPCDNYFmYNSihyjnqigydJiUd6lVLQOJIlUsS4b41Mmy8FOkj2T0cGmAp8v7Lo4bg:1w63uw:W4mvzwRjw7kPx5f4Fa3nkkLa_NEMG1HXXJ0l3fMK9us",
    "expire_date": "2026-04-10T09:55:50.846Z"
  }
},
{
  "model": "sessions.session",
  "pk": "qnaz8rhue44e3szp2c50g8ksszd4310w",
  "fields": {
    "session_data": ".eJxVjEEKwyAQAP-y5yKKGjXH3vsGWd21pi0KMTmV_r0EcmivM8O8IeK-1bgPXuNCMIOCyy9LmJ_cDkEPbPcucm_buiRxJOK0Q9w68et6tn-DiqPCDNYFmYNSihyjnqigydJiUd6lVLQOJIlUsS4b41Mmy8FOkj2T0cGmAp8v7Lo4bg:1wB6lM:KHLjV_omVOvUvJzl_n6cEcifRAGzcVIwKRchcb_VUEg",
    "expire_date": "2026-04-24T07:58:48.124Z"
  }
},
{
  "model": "sessions.session",
  "pk": "wxqobmmnpype0748w5n82g27nnigunhp",
  "fields": {
    "session_data": ".eJxVjEEKwyAQAP-y5yKKGjXH3vsGWd21pi0KMTmV_r0EcmivM8O8IeK-1bgPXuNCMIOCyy9LmJ_cDkEPbPcucm_buiRxJOK0Q9w68et6tn-DiqPCDNYFmYNSihyjnqigydJiUd6lVLQOJIlUsS4b41Mmy8FOkj2T0cGmAp8v7Lo4bg:1w7AMg:jYpAJh_5s7VWyUK5FeZ8DfoHF-YRbrlXsvtL4shg-1g",
    "expire_date": "2026-04-13T11:01:02.446Z"
  }
},
{
  "model": "sessions.session",
  "pk": "yu55echwohjzljkpc1wd2r53s36tr02h",
  "fields": {
    "session_data": ".eJxVjEEKwyAQAP-y5yKKGjXH3vsGWd21pi0KMTmV_r0EcmivM8O8IeK-1bgPXuNCMIOCyy9LmJ_cDkEPbPcucm_buiRxJOK0Q9w68et6tn-DiqPCDNYFmYNSihyjnqigydJiUd6lVLQOJIlUsS4b41Mmy8FOkj2T0cGmAp8v7Lo4bg:1wDzj1:Mh6nAQrUUH17EUVQ_Pl7PZ4eh_vzRTcWJpCsJ1KN1NU",
    "expire_date": "2026-05-02T07:04:19.967Z"
  }
},
{
  "model": "token_blacklist.outstandingtoken",
  "pk": 1,
  "fields": {
    "user": [
      "gg"
    ],
    "jti": "b0dbb645f3714c00b65c32def61cb13d",
    "token": "eyJhbGciOiJIUzI1NiIsInR5cCI6IkpXVCJ9.eyJ0b2tlbl90eXBlIjoicmVmcmVzaCIsImV4cCI6MTc3NzIwMTc5OCwiaWF0IjoxNzc2NTk2OTk4LCJqdGkiOiJiMGRiYjY0NWYzNzE0YzAwYjY1YzMyZGVmNjFjYjEzZCIsInVzZXJfaWQiOiIyIn0.rW24MiQF7X4CZNFFs83vt43Im6jCcsQMQli5pfnhTbg",
    "created_at": "2026-04-19T11:09:58.838Z",
    "expires_at": "2026-04-26T11:09:58Z"
  }
},
{
  "model": "token_blacklist.outstandingtoken",
  "pk": 2,
  "fields": {
    "user": [
      "admin"
    ],
    "jti": "949039c03b1c459b8eb1d42073f18df8",
    "token": "eyJhbGciOiJIUzI1NiIsInR5cCI6IkpXVCJ9.eyJ0b2tlbl90eXBlIjoicmVmcmVzaCIsImV4cCI6MTc3NzIwMjE0NSwiaWF0IjoxNzc2NTk3MzQ1LCJqdGkiOiI5NDkwMzljMDNiMWM0NTliOGViMWQ0MjA3M2YxOGRmOCIsInVzZXJfaWQiOiIxIn0.JkQThRhfa_R_sTrcrjZE6VAofYSwUORzkIQzsXYYvPs",
    "created_at": "2026-04-19T11:15:45.306Z",
    "expires_at": "2026-04-26T11:15:45Z"
  }
},
{
  "model": "token_blacklist.outstandingtoken",
  "pk": 3,
  "fields": {
    "user": [
      "gg"
    ],
    "jti": "0b065a73b6ee4fcda1cf509137355349",
    "token": "eyJhbGciOiJIUzI1NiIsInR5cCI6IkpXVCJ9.eyJ0b2tlbl90eXBlIjoicmVmcmVzaCIsImV4cCI6MTc3NzIwMjMyOCwiaWF0IjoxNzc2NTk3NTI4LCJqdGkiOiIwYjA2NWE3M2I2ZWU0ZmNkYTFjZjUwOTEzNzM1NTM0OSIsInVzZXJfaWQiOiIyIn0.KGcsasV4YGj6zyUspPSA_9K5WJ119qZOvlCEFtQeA6U",
    "created_at": "2026-04-19T11:18:48.180Z",
    "expires_at": "2026-04-26T11:18:48Z"
  }
},
{
  "model": "token_blacklist.outstandingtoken",
  "pk": 4,
  "fields": {
    "user": [
      "admin"
    ],
    "jti": "30ed7b57603944f7bb91a496e897d410",
    "token": "eyJhbGciOiJIUzI1NiIsInR5cCI6IkpXVCJ9.eyJ0b2tlbl90eXBlIjoicmVmcmVzaCIsImV4cCI6MTc3NzIwNTEwOCwiaWF0IjoxNzc2NjAwMzA4LCJqdGkiOiIzMGVkN2I1NzYwMzk0NGY3YmI5MWE0OTZlODk3ZDQxMCIsInVzZXJfaWQiOiIxIn0.eH2qWkQhqrtv9XR3CXaBkAnEZweseIVOj2_sAVyvXFg",
    "created_at": "2026-04-19T12:05:08.469Z",
    "expires_at": "2026-04-26T12:05:08Z"
  }
},
{
  "model": "accounts.profile",
  "pk": 1,
  "fields": {
    "user": [
      "admin"
    ],
    "phone": "0123456789",
    "address": "Hồ Chí Minh",
    "role": "admin",
    "google_id": null,
    "facebook_id": null,
    "avatar": "",
    "created_at": "2026-03-27T09:55:47.232Z",
    "updated_at": "2026-04-19T09:19:25.693Z",
    "birth_date": null,
    "birthday_reminder_sent_for_year": null
  }
},
{
  "model": "accounts.profile",
  "pk": 2,
  "fields": {
    "user": [
      "gg"
    ],
    "phone": "0123456789",
    "address": "....",
    "role": "customer",
    "google_id": "115739056714556888919",
    "facebook_id": null,
    "avatar": "",
    "created_at": "2026-03-27T09:59:40.012Z",
    "updated_at": "2026-04-19T11:19:06.247Z",
    "birth_date": "2005-04-20",
    "birthday_reminder_sent_for_year": 2026
  }
},
{
  "model": "accounts.profile",
  "pk": 4,
  "fields": {
    "user": [
      "user03"
    ],
    "phone": "012345678",
    "address": "..",
    "role": "customer",
    "google_id": null,
    "facebook_id": null,
    "avatar": "",
    "created_at": "2026-04-02T16:32:30.361Z",
    "updated_at": "2026-04-18T07:02:55.666Z",
    "birth_date": null,
    "birthday_reminder_sent_for_year": null
  }
},
{
  "model": "accounts.profile",
  "pk": 5,
  "fields": {
    "user": [
      "user02"
    ],
    "phone": "0123456789",
    "address": "....",
    "role": "customer",
    "google_id": null,
    "facebook_id": null,
    "avatar": "",
    "created_at": "2026-04-03T05:33:09.843Z",
    "updated_at": "2026-04-18T07:04:19.961Z",
    "birth_date": null,
    "birthday_reminder_sent_for_year": null
  }
},
{
  "model": "accounts.profile",
  "pk": 8,
  "fields": {
    "user": [
      "fb_2384267685405360"
    ],
    "phone": "0123456789",
    "address": "Hồ Chí Minh",
    "role": "customer",
    "google_id": null,
    "facebook_id": "2384267685405360",
    "avatar": "https://platform-lookaside.fbsbx.com/platform/profilepic/?asid=2384267685405360&height=50&width=50&ext=1778999895&hash=AT_sz8hmhYkL7pnOUKQrYCue",
    "created_at": "2026-04-16T11:33:15.906Z",
    "updated_at": "2026-04-17T06:38:46.180Z",
    "birth_date": "2005-04-17",
    "birthday_reminder_sent_for_year": null
  }
},
{
  "model": "accounts.profile",
  "pk": 10,
  "fields": {
    "user": [
      "user01"
    ],
    "phone": "0123456789",
    "address": "Tô Ký",
    "role": "customer",
    "google_id": null,
    "facebook_id": null,
    "avatar": "",
    "created_at": "2026-04-18T07:01:48.922Z",
    "updated_at": "2026-04-18T07:11:21.152Z",
    "birth_date": "2005-08-09",
    "birthday_reminder_sent_for_year": null
  }
},
{
  "model": "accounts.profile",
  "pk": 11,
  "fields": {
    "user": [
      "user04"
    ],
    "phone": "",
    "address": "",
    "role": "customer",
    "google_id": null,
    "facebook_id": null,
    "avatar": "",
    "created_at": "2026-04-18T07:03:15.636Z",
    "updated_at": "2026-04-18T07:03:44.529Z",
    "birth_date": null,
    "birthday_reminder_sent_for_year": null
  }
},
{
  "model": "accounts.profile",
  "pk": 12,
  "fields": {
    "user": [
      "user05"
    ],
    "phone": "0123456789",
    "address": "Đồng Tháp",
    "role": "customer",
    "google_id": null,
    "facebook_id": null,
    "avatar": "",
    "created_at": "2026-04-19T09:13:38.111Z",
    "updated_at": "2026-04-19T09:13:38.115Z",
    "birth_date": null,
    "birthday_reminder_sent_for_year": null
  }
},
{
  "model": "accounts.birthdayemailtemplate",
  "pk": 1,
  "fields": {
    "email_subject": "[FashionStore] Sinh nhật của bạn — quà tri ân từ cửa hàng",
    "intro_text": "Ngày mai là sinh nhật của bạn — FashionStore xin gửi lời chúc sức khỏe và niềm vui!",
    "cta_button_label": "Vào FashionStore",
    "footer_text": "Thư tự động — vui lòng không trả lời trực tiếp email này.",
    "discount_code": 1
  }
},
{
  "model": "products.category",
  "pk": 1,
  "fields": {
    "name": "Áo Thun",
    "description": "Trang phục basic, thoải mái, dễ phối đồ, phù hợp mặc hàng ngày.",
    "image": "categories/ao_thun_08_01.webp"
  }
},
{
  "model": "products.category",
  "pk": 2,
  "fields": {
    "name": "Quần Jean",
    "description": "Chất liệu denim bền bỉ, cá tính, dễ phối với nhiều kiểu trang phục.",
    "image": "categories/quan_jean_01_01.webp"
  }
},
{
  "model": "products.category",
  "pk": 3,
  "fields": {
    "name": "Áo Tanktop",
    "description": "Áo ba lỗ thoáng mát, phù hợp tập luyện hoặc mặc trong ngày hè.",
    "image": "categories/ao_tanktop_01_01.webp"
  }
},
{
  "model": "products.category",
  "pk": 4,
  "fields": {
    "name": "Áo Polo",
    "description": "Áo cổ bẻ lịch sự, kết hợp giữa sự thoải mái và vẻ ngoài chỉnh chu.",
    "image": "categories/ao_polo_01_01.webp"
  }
},
{
  "model": "products.category",
  "pk": 5,
  "fields": {
    "name": "Áo Hoodie",
    "description": "Áo nỉ có mũ, giữ ấm tốt, phong cách trẻ trung và năng động.",
    "image": "categories/ao_hoodie_02_02.webp"
  }
},
{
  "model": "products.category",
  "pk": 6,
  "fields": {
    "name": "Áo Croptop",
    "description": "Áo dáng ngắn, tôn vòng eo, mang lại vẻ ngoài trẻ trung, cá tính và thời trang.",
    "image": "categories/ao_croptop_01_01.webp"
  }
},
{
  "model": "products.category",
  "pk": 7,
  "fields": {
    "name": "Quần Short",
    "description": "Thiết kế ngắn, thoáng mát, thích hợp cho thời tiết nóng hoặc hoạt động ngoài trời.",
    "image": "categories/quan_short_01_01.webp"
  }
},
{
  "model": "products.promotion",
  "pk": 1,
  "fields": {
    "name": "Falsh sale",
    "discount_percent": 13,
    "start_date": "2026-03-30",
    "end_date": "2026-03-31"
  }
},
{
  "model": "products.promotion",
  "pk": 2,
  "fields": {
    "name": "Siêu sale",
    "discount_percent": 10,
    "start_date": "2026-04-02",
    "end_date": "2026-04-30"
  }
},
{
  "model": "products.promotion",
  "pk": 3,
  "fields": {
    "name": "Sale T4",
    "discount_percent": 15,
    "start_date": "2026-04-15",
    "end_date": "2026-04-30"
  }
},
{
  "model": "products.promotion",
  "pk": 4,
  "fields": {
    "name": "Giỗ tổ",
    "discount_percent": 16,
    "start_date": "2026-04-19",
    "end_date": "2026-05-03"
  }
},
{
  "model": "products.product",
  "pk": 1,
  "fields": {
    "name": "Star 01 Football Jersey Croptop",
    "description": "• Kích thước: S - M\r\n• Chất liệu: Synthetic\r\n• Croptop Relaxed\r\n• Artwork được áp dụng kỹ thuật in lụa",
    "category": 6,
    "price": 300000,
    "promotion": 1,
    "rating": "0.00",
    "sold_count": 0,
    "size_chart": "size_charts/sz_croptop_01.webp"
  }
},
{
  "model": "products.product",
  "pk": 2,
  "fields": {
    "name": "Underdogs Zipped Hoodie",
    "description": "• Kích thước: M - L - XL\r\n• Chất liệu: nỉ chân cua\r\n• Relaxed Fit\r\n• Tất cả artwork được áp dụng kĩ thuật in lụa",
    "category": 5,
    "price": 300000,
    "promotion": 2,
    "rating": "0.00",
    "sold_count": 0,
    "size_chart": ""
  }
},
{
  "model": "products.product",
  "pk": 3,
  "fields": {
    "name": "Striped Soccer Polo Jersey",
    "description": "• Kích thước: S - M - L - XL\r\n• Chất liệu: Polyester.\r\n• Relaxed Fit.\r\n• Hình in mặt trước áo áp dụng công nghệ in chuyển nhiệt, in lụa.\r\n• Logo trên ngực phải áp dụng kĩ thuật thêu 2D, may đắp con gióng.\r\n• Hình in mặt sau được áp dụng kĩ thuật in lụa.",
    "category": 4,
    "price": 300000,
    "promotion": 1,
    "rating": "0.00",
    "sold_count": 0,
    "size_chart": "size_charts/sz_polo_01.webp"
  }
},
{
  "model": "products.product",
  "pk": 4,
  "fields": {
    "name": "British Passport Washed Tank Top",
    "description": "• Kích thước:  M - L - XL\r\n• Chất liệu: Cotton.\r\n• Relaxed Fit\r\n• Artwork được áp dụng kỹ thuật in lụa",
    "category": 3,
    "price": 400000,
    "promotion": 1,
    "rating": "0.00",
    "sold_count": 1,
    "size_chart": "size_charts/sz_tanktop_01.png"
  }
},
{
  "model": "products.product",
  "pk": 5,
  "fields": {
    "name": "Desert Sky T-Shirt",
    "description": "• Kích thước: S - M - L - XL.\r\n• Chất liệu: Cotton.\r\n• Regular Boxy.\r\n• Artwork được áp dụng kỹ thuật in trame.",
    "category": 1,
    "price": 500000,
    "promotion": 2,
    "rating": "0.00",
    "sold_count": 2,
    "size_chart": "size_charts/sz_thun_01.png"
  }
},
{
  "model": "products.product",
  "pk": 6,
  "fields": {
    "name": "Sheriff Patches Denim Pants Black",
    "description": "• Kích thước: 26 - 28 - 30 - 32 - 34 - 36\r\n• Chất liệu: Denim.\r\n• Relaxed Fit.\r\n• Vải đã được xử lý wash\r\n• Tất cả Artwork được sử dụng kỹ thuật thêu 2D",
    "category": 2,
    "price": 500000,
    "promotion": null,
    "rating": "0.00",
    "sold_count": 0,
    "size_chart": ""
  }
},
{
  "model": "products.product",
  "pk": 7,
  "fields": {
    "name": "Logo Embroidery Raw Denim Pant",
    "description": "• Kích thước: 26 - 28 - 30 - 32 - 34 - 36\r\n• Chất liệu: Denim.\r\n• Relaxed Fit.\r\n• Nền vải Raw Denim \r\n• Artwork “The Rolling Stones” được thêu 2D ở lưng sau.",
    "category": 2,
    "price": 600000,
    "promotion": 2,
    "rating": "5.00",
    "sold_count": 1,
    "size_chart": ""
  }
},
{
  "model": "products.product",
  "pk": 8,
  "fields": {
    "name": "Dico Mate Hoodie",
    "description": "• Kích thước: M - L - XL\r\n• Chất liệu: nỉ chân cua.\r\n• Relaxed Fit.\r\n• Nón có dây rút tùy chỉnh độ rộng.\r\n• Hình in mặt trước và sau áo áp dụng kĩ thuật in lụa.\r\n• Nhãn thương hiệu được may ở sườn túi.",
    "category": 5,
    "price": 400000,
    "promotion": 1,
    "rating": "0.00",
    "sold_count": 0,
    "size_chart": ""
  }
},
{
  "model": "products.product",
  "pk": 9,
  "fields": {
    "name": "Dico Fluffy Print T-Shirt",
    "description": "• Kích thước:  S - M - L - XL\r\n• Chất liệu: Cotton\r\n• Form: Oversize Boxy\r\n• Artwork được áp dụng kỹ thuật in trame\r\n• Hình in tạo hiệu ứng mô phỏng lông thật, không dùng lông thật",
    "category": 1,
    "price": 350000,
    "promotion": null,
    "rating": "0.00",
    "sold_count": 0,
    "size_chart": "size_charts/sz_thun_10.webp"
  }
},
{
  "model": "products.product",
  "pk": 10,
  "fields": {
    "name": "Dico Lil Dino T-shirt",
    "description": "• Chất liệu: cotton.\r\n• Relaxed Fit.\r\n• Bo cổ 2 chiều.\r\n• Hình in mặt trước và sau áo áp dụng công nghệ in kéo lụa thủ công và in trame.\r\n• Chữ Dico được in dập nổi.",
    "category": 1,
    "price": 320000,
    "promotion": null,
    "rating": "0.00",
    "sold_count": 0,
    "size_chart": "size_charts/sz_thun_09.webp"
  }
},
{
  "model": "products.product",
  "pk": 11,
  "fields": {
    "name": "Graffiti Pony Print T-shirt",
    "description": "• Kích thước: S - M - L - XL\r\n• Chất liệu: Cotton\r\n• Regular Boxy\r\n• Artwork được áp dụng kỹ thuật in trame",
    "category": 1,
    "price": 410000,
    "promotion": null,
    "rating": "0.00",
    "sold_count": 0,
    "size_chart": "size_charts/sz_thun_08.webp"
  }
},
{
  "model": "products.product",
  "pk": 12,
  "fields": {
    "name": "The Underdogs T-shirt",
    "description": "• Kích thước: S - M - L - XL\r\n• Chất liệu: Cotton.\r\n• Relaxed Fit.\r\n• Toàn bộ artwork trên áo được áp dụng kĩ thuật in lụa.",
    "category": 1,
    "price": 310000,
    "promotion": null,
    "rating": "0.00",
    "sold_count": 0,
    "size_chart": "size_charts/sz_thun_07.webp"
  }
},
{
  "model": "products.product",
  "pk": 13,
  "fields": {
    "name": "Floral Silhouette T-Shirt",
    "description": "• Kích thước: XS - S - M - L - XL\r\n• Chất liệu: Cotton.\r\n• Relaxed Fit.\r\n• Artwork mặt trước được áp dụng kĩ thuật in lụa.",
    "category": 1,
    "price": 450000,
    "promotion": 3,
    "rating": "0.00",
    "sold_count": 0,
    "size_chart": "size_charts/sz_thun_06.webp"
  }
},
{
  "model": "products.product",
  "pk": 14,
  "fields": {
    "name": "Distressed Baggy Denim",
    "description": "• Kích thước: 26 - 28 - 30 - 32 - 34 - 36\r\n• Chất liệu: Cotton Denim.\r\n• Bề mặt vải xử lý wash & phủ màu.\r\n• Baggy Fit.\r\n• Artwork thân trước in lụa.\r\n• Nhãn da thương hiệu may ở sau lưng quần.",
    "category": 2,
    "price": 500000,
    "promotion": 3,
    "rating": "0.00",
    "sold_count": 0,
    "size_chart": ""
  }
},
{
  "model": "products.product",
  "pk": 15,
  "fields": {
    "name": "Logo Print Shorts",
    "description": "Chi tiết sản phẩm:\r\n• Chất liệu: vải sợi tổng hợp.\r\n• Hình mặt trước quần và và mặt sau quần áp dụng kĩ thuật in lụa.\r\n• Lưng thun, có dải rút.\r\n• Có túi hai bên.\r\n• Túi quần sau có nắp kèm nút bấm.",
    "category": 7,
    "price": 250000,
    "promotion": null,
    "rating": "0.00",
    "sold_count": 0,
    "size_chart": ""
  }
},
{
  "model": "products.product",
  "pk": 16,
  "fields": {
    "name": "Underdogs Nylon Shorts",
    "description": "• Kích thước: M - L - XL\r\n• Chất liệu: Polyester\r\n• Relaxed Fit\r\n• Tất cả artwork được áp dụng kĩ thuật in lụa",
    "category": 7,
    "price": 340000,
    "promotion": 3,
    "rating": "0.00",
    "sold_count": 0,
    "size_chart": ""
  }
},
{
  "model": "products.product",
  "pk": 17,
  "fields": {
    "name": "Academy Sweatshorts",
    "description": "• Kích thước: S - M\r\n• Chất liệu: nỉ chân cua.\r\n• Hình mặt trước quần áp dụng kĩ thuật in lụa.\r\n• Lưng thun, có dây rút.\r\n• Có túi hai bên.",
    "category": 7,
    "price": 370000,
    "promotion": null,
    "rating": "0.00",
    "sold_count": 0,
    "size_chart": ""
  }
},
{
  "model": "products.product",
  "pk": 18,
  "fields": {
    "name": "Striped Script Logo Shorts",
    "description": "• Kích thước: M - L - XL\r\n• Chất liệu: polyester.\r\n• Relaxed Fit.\r\n• Artwork \"DirtyCoins Script\" được áp dụng kĩ thuật in lụa.",
    "category": 7,
    "price": 249000,
    "promotion": null,
    "rating": "0.00",
    "sold_count": 0,
    "size_chart": ""
  }
},
{
  "model": "products.product",
  "pk": 19,
  "fields": {
    "name": "Patched Camo Cargo Shorts",
    "description": "• Kích thước: S - M - L - XL\r\n• Chất liệu: Khaki\r\n• Relaxed Fit.\r\n• Lưng quần co giãn và có dây rút.\r\n• Túi hộp có nắp hai bên sườn quần.\r\n• Nhãn da in thương hiệu được may ở nắp túi trái.",
    "category": 7,
    "price": 319000,
    "promotion": 2,
    "rating": "0.00",
    "sold_count": 0,
    "size_chart": ""
  }
},
{
  "model": "products.product",
  "pk": 20,
  "fields": {
    "name": "Curve Ripstop Shorts",
    "description": "• Kích thước: M - L - XL.\r\n• Chất liệu: RipStop - Polyester.\r\n• Relaxed Fit.\r\n• Đường chỉ may trang trí ở thân sau.\r\n• Artwork \"DirtyCoins\" được áp dụng kỹ thuật in lụa.",
    "category": 7,
    "price": 379000,
    "promotion": 2,
    "rating": "0.00",
    "sold_count": 0,
    "size_chart": ""
  }
},
{
  "model": "products.product",
  "pk": 21,
  "fields": {
    "name": "Denim Pants Baggy Destroy",
    "description": "• Kích thước: 26 - 28 - 30 - 32 - 34 - 36\r\n• Chất liệu: Cotton Denim\r\n• Baggy Fit.\r\n• Wash và đánh rách trước sau.\r\n• Nhãn da thương hiệu may ở sau lưng quần.",
    "category": 2,
    "price": 420000,
    "promotion": null,
    "rating": "0.00",
    "sold_count": 0,
    "size_chart": ""
  }
},
{
  "model": "products.product",
  "pk": 22,
  "fields": {
    "name": "Flame Wash Relaxed Denim Pants",
    "description": "• Kích thước: 28 - 30 - 32 - 34 - 36\r\n• Chất liệu: Cotton Denim.\r\n• Bề mặt vải xử lý wash.\r\n• Relaxed Fit.\r\n• Artwork 'Y' Flame đắp mảnh (patches).\r\n• Nhãn da thương hiệu may ở sau lưng quần.",
    "category": 2,
    "price": 359000,
    "promotion": null,
    "rating": "0.00",
    "sold_count": 0,
    "size_chart": ""
  }
},
{
  "model": "products.product",
  "pk": 23,
  "fields": {
    "name": "\"Y\" Embroidery Relaxed Denim Pants",
    "description": "• Kích thước: 28 - 30 - 32 - 34 - 36\r\n• Chất liệu: Cotton Denim.\r\n• Bề mặt vải xử lý wash.\r\n• Relaxed Fit.\r\n• Artwork thân trước thêu 2d.\r\n• Nhãn da thương hiệu may ở sau lưng quần.",
    "category": 2,
    "price": 429000,
    "promotion": null,
    "rating": "0.00",
    "sold_count": 0,
    "size_chart": ""
  }
},
{
  "model": "products.product",
  "pk": 24,
  "fields": {
    "name": "Heart Patch Regular Polo",
    "description": "• Chất liệu: Cotton Pique.\r\n• Regular Fit.\r\n• Patch thêu xù trên ngực áo.",
    "category": 4,
    "price": 329000,
    "promotion": null,
    "rating": "0.00",
    "sold_count": 0,
    "size_chart": "size_charts/sz_polo_02.webp"
  }
},
{
  "model": "products.product",
  "pk": 25,
  "fields": {
    "name": "Classic Patches Polo",
    "description": "• Kích thước:  M - L - XL\r\n• Chất liệu: Sợi nhân tạo\r\n• Regular Fit\r\n• Artwork được áp dụng kỹ thuật in lụa và thêu đắp mảnh (Patches).",
    "category": 4,
    "price": 359000,
    "promotion": null,
    "rating": "0.00",
    "sold_count": 0,
    "size_chart": "size_charts/sz_polo_03.webp"
  }
},
{
  "model": "products.product",
  "pk": 26,
  "fields": {
    "name": "Rope Embroidery Knit Polo",
    "description": "• Kích thước: M - L - XL\r\n• Chất liệu: len dệt cotton & polyester\r\n• Artwork được áp dụng kỹ thuật thêu 2D",
    "category": 4,
    "price": 279000,
    "promotion": null,
    "rating": "0.00",
    "sold_count": 0,
    "size_chart": "size_charts/sz_polo_04_05.webp"
  }
},
{
  "model": "products.product",
  "pk": 27,
  "fields": {
    "name": "\"Y\" Patch Crochet Polo",
    "description": "- Kích thước: M - L - XL\r\n- Chất liệu: vải dệt crochet\r\n- Patch logo trước ngực áp dụng kĩ thuật thêu 2D",
    "category": 4,
    "price": 319000,
    "promotion": null,
    "rating": "0.00",
    "sold_count": 0,
    "size_chart": "size_charts/sz_polo_06.webp"
  }
},
{
  "model": "products.product",
  "pk": 28,
  "fields": {
    "name": "Printed Label Tank Top",
    "description": "• Kích thước: M -L\r\n• Chất liệu: Polyester.\r\n• Regular Fit.\r\n• Mặt trong thân sau áo áp dụng kĩ thuật in lụa.",
    "category": 3,
    "price": 319000,
    "promotion": 2,
    "rating": "0.00",
    "sold_count": 0,
    "size_chart": "size_charts/sz_tanktop_02.webp"
  }
},
{
  "model": "products.product",
  "pk": 29,
  "fields": {
    "name": "Star 07 One Shoulder LS Jersey",
    "description": "• Kích thước:  S - M\r\n• Chất liệu: Synthetic\r\n• Relaxed Fit\r\n• Artwork được áp dụng kỹ thuật in lụa",
    "category": 1,
    "price": 329000,
    "promotion": 3,
    "rating": "0.00",
    "sold_count": 0,
    "size_chart": "size_charts/sz_thun_03.webp"
  }
},
{
  "model": "products.product",
  "pk": 30,
  "fields": {
    "name": "Hanoi Lover T-Shirt",
    "description": "• Chất liệu: Cotton 2 chiều.\r\n• Regular Fit.\r\n• Hình in mặt trước áo áp dụng công nghệ in lụa.",
    "category": 1,
    "price": 279000,
    "promotion": null,
    "rating": "0.00",
    "sold_count": 0,
    "size_chart": "size_charts/sz_thun_04.webp"
  }
},
{
  "model": "products.product",
  "pk": 31,
  "fields": {
    "name": "Cobruhh T-Shirt",
    "description": "• Kích thước: XS - S - M - L - XL\r\n • Chất liệu: Cotton.\r\n • Regular Fit.\r\n • Artwork mặt trước được áp dụng kĩ thuật in lụa.",
    "category": 1,
    "price": 349000,
    "promotion": 3,
    "rating": "0.00",
    "sold_count": 0,
    "size_chart": "size_charts/sz_thun_05.webp"
  }
},
{
  "model": "products.productimage",
  "pk": 1,
  "fields": {
    "product": 1,
    "image": "products/ao_croptop_01_01.webp"
  }
},
{
  "model": "products.productimage",
  "pk": 2,
  "fields": {
    "product": 1,
    "image": "products/ao_croptop_01_02.webp"
  }
},
{
  "model": "products.productimage",
  "pk": 3,
  "fields": {
    "product": 1,
    "image": "products/ao_croptop_01_03.webp"
  }
},
{
  "model": "products.productimage",
  "pk": 4,
  "fields": {
    "product": 1,
    "image": "products/ao_croptop_01_04.webp"
  }
},
{
  "model": "products.productimage",
  "pk": 5,
  "fields": {
    "product": 1,
    "image": "products/ao_croptop_01_05.webp"
  }
},
{
  "model": "products.productimage",
  "pk": 6,
  "fields": {
    "product": 1,
    "image": "products/ao_croptop_01_06.webp"
  }
},
{
  "model": "products.productimage",
  "pk": 7,
  "fields": {
    "product": 1,
    "image": "products/ao_croptop_01_07.webp"
  }
},
{
  "model": "products.productimage",
  "pk": 8,
  "fields": {
    "product": 1,
    "image": "products/ao_croptop_01_08.webp"
  }
},
{
  "model": "products.productimage",
  "pk": 9,
  "fields": {
    "product": 1,
    "image": "products/ao_croptop_01_09.webp"
  }
},
{
  "model": "products.productimage",
  "pk": 10,
  "fields": {
    "product": 1,
    "image": "products/ao_croptop_01_10.webp"
  }
},
{
  "model": "products.productimage",
  "pk": 11,
  "fields": {
    "product": 2,
    "image": "products/ao_hoodie_01_01.webp"
  }
},
{
  "model": "products.productimage",
  "pk": 12,
  "fields": {
    "product": 2,
    "image": "products/ao_hoodie_01_02.webp"
  }
},
{
  "model": "products.productimage",
  "pk": 13,
  "fields": {
    "product": 2,
    "image": "products/ao_hoodie_01_03.webp"
  }
},
{
  "model": "products.productimage",
  "pk": 14,
  "fields": {
    "product": 2,
    "image": "products/ao_hoodie_01_04.webp"
  }
},
{
  "model": "products.productimage",
  "pk": 15,
  "fields": {
    "product": 2,
    "image": "products/ao_hoodie_01_05.webp"
  }
},
{
  "model": "products.productimage",
  "pk": 16,
  "fields": {
    "product": 2,
    "image": "products/ao_hoodie_01_06.webp"
  }
},
{
  "model": "products.productimage",
  "pk": 17,
  "fields": {
    "product": 2,
    "image": "products/ao_hoodie_01_07.webp"
  }
},
{
  "model": "products.productimage",
  "pk": 18,
  "fields": {
    "product": 2,
    "image": "products/ao_hoodie_01_08.webp"
  }
},
{
  "model": "products.productimage",
  "pk": 19,
  "fields": {
    "product": 3,
    "image": "products/ao_polo_01_01.webp"
  }
},
{
  "model": "products.productimage",
  "pk": 20,
  "fields": {
    "product": 3,
    "image": "products/ao_polo_01_02.webp"
  }
},
{
  "model": "products.productimage",
  "pk": 21,
  "fields": {
    "product": 3,
    "image": "products/ao_polo_01_03.webp"
  }
},
{
  "model": "products.productimage",
  "pk": 22,
  "fields": {
    "product": 3,
    "image": "products/ao_polo_01_04.webp"
  }
},
{
  "model": "products.productimage",
  "pk": 23,
  "fields": {
    "product": 3,
    "image": "products/ao_polo_01_05.webp"
  }
},
{
  "model": "products.productimage",
  "pk": 24,
  "fields": {
    "product": 3,
    "image": "products/ao_polo_01_06.webp"
  }
},
{
  "model": "products.productimage",
  "pk": 25,
  "fields": {
    "product": 3,
    "image": "products/ao_polo_01_07.webp"
  }
},
{
  "model": "products.productimage",
  "pk": 26,
  "fields": {
    "product": 3,
    "image": "products/ao_polo_01_08.webp"
  }
},
{
  "model": "products.productimage",
  "pk": 27,
  "fields": {
    "product": 3,
    "image": "products/ao_polo_01_09.webp"
  }
},
{
  "model": "products.productimage",
  "pk": 28,
  "fields": {
    "product": 5,
    "image": "products/ao_thun_01_01.webp"
  }
},
{
  "model": "products.productimage",
  "pk": 29,
  "fields": {
    "product": 5,
    "image": "products/ao_thun_01_02.webp"
  }
},
{
  "model": "products.productimage",
  "pk": 30,
  "fields": {
    "product": 5,
    "image": "products/ao_thun_01_03.webp"
  }
},
{
  "model": "products.productimage",
  "pk": 31,
  "fields": {
    "product": 5,
    "image": "products/ao_thun_01_04.webp"
  }
},
{
  "model": "products.productimage",
  "pk": 32,
  "fields": {
    "product": 5,
    "image": "products/ao_thun_01_05.webp"
  }
},
{
  "model": "products.productimage",
  "pk": 33,
  "fields": {
    "product": 5,
    "image": "products/ao_thun_01_06.webp"
  }
},
{
  "model": "products.productimage",
  "pk": 34,
  "fields": {
    "product": 5,
    "image": "products/ao_thun_01_07.webp"
  }
},
{
  "model": "products.productimage",
  "pk": 35,
  "fields": {
    "product": 5,
    "image": "products/ao_thun_01_08.webp"
  }
},
{
  "model": "products.productimage",
  "pk": 36,
  "fields": {
    "product": 5,
    "image": "products/ao_thun_01_09.webp"
  }
},
{
  "model": "products.productimage",
  "pk": 37,
  "fields": {
    "product": 4,
    "image": "products/ao_tanktop_01_01.webp"
  }
},
{
  "model": "products.productimage",
  "pk": 38,
  "fields": {
    "product": 4,
    "image": "products/ao_tanktop_01_02.webp"
  }
},
{
  "model": "products.productimage",
  "pk": 39,
  "fields": {
    "product": 4,
    "image": "products/ao_tanktop_01_03.webp"
  }
},
{
  "model": "products.productimage",
  "pk": 40,
  "fields": {
    "product": 4,
    "image": "products/ao_tanktop_01_04.webp"
  }
},
{
  "model": "products.productimage",
  "pk": 41,
  "fields": {
    "product": 4,
    "image": "products/ao_tanktop_01_05.webp"
  }
},
{
  "model": "products.productimage",
  "pk": 42,
  "fields": {
    "product": 4,
    "image": "products/ao_tanktop_01_06.webp"
  }
},
{
  "model": "products.productimage",
  "pk": 43,
  "fields": {
    "product": 4,
    "image": "products/ao_tanktop_01_07.webp"
  }
},
{
  "model": "products.productimage",
  "pk": 44,
  "fields": {
    "product": 6,
    "image": "products/quan_jean_01_01.webp"
  }
},
{
  "model": "products.productimage",
  "pk": 45,
  "fields": {
    "product": 6,
    "image": "products/quan_jean_01_02.webp"
  }
},
{
  "model": "products.productimage",
  "pk": 46,
  "fields": {
    "product": 6,
    "image": "products/quan_jean_01_03.webp"
  }
},
{
  "model": "products.productimage",
  "pk": 47,
  "fields": {
    "product": 6,
    "image": "products/quan_jean_01_04.webp"
  }
},
{
  "model": "products.productimage",
  "pk": 48,
  "fields": {
    "product": 6,
    "image": "products/quan_jean_01_05.webp"
  }
},
{
  "model": "products.productimage",
  "pk": 49,
  "fields": {
    "product": 6,
    "image": "products/quan_jean_01_06.webp"
  }
},
{
  "model": "products.productimage",
  "pk": 50,
  "fields": {
    "product": 6,
    "image": "products/quan_jean_01_07.webp"
  }
},
{
  "model": "products.productimage",
  "pk": 51,
  "fields": {
    "product": 6,
    "image": "products/quan_jean_01_08.webp"
  }
},
{
  "model": "products.productimage",
  "pk": 52,
  "fields": {
    "product": 6,
    "image": "products/quan_jean_01_09.webp"
  }
},
{
  "model": "products.productimage",
  "pk": 53,
  "fields": {
    "product": 7,
    "image": "products/quan_jean_02_01.webp"
  }
},
{
  "model": "products.productimage",
  "pk": 54,
  "fields": {
    "product": 7,
    "image": "products/quan_jean_02_02.webp"
  }
},
{
  "model": "products.productimage",
  "pk": 55,
  "fields": {
    "product": 7,
    "image": "products/quan_jean_02_03.webp"
  }
},
{
  "model": "products.productimage",
  "pk": 56,
  "fields": {
    "product": 7,
    "image": "products/quan_jean_02_04.webp"
  }
},
{
  "model": "products.productimage",
  "pk": 57,
  "fields": {
    "product": 7,
    "image": "products/quan_jean_02_05.webp"
  }
},
{
  "model": "products.productimage",
  "pk": 58,
  "fields": {
    "product": 7,
    "image": "products/quan_jean_02_06.webp"
  }
},
{
  "model": "products.productimage",
  "pk": 59,
  "fields": {
    "product": 7,
    "image": "products/quan_jean_02_07.webp"
  }
},
{
  "model": "products.productimage",
  "pk": 60,
  "fields": {
    "product": 7,
    "image": "products/quan_jean_02_08.webp"
  }
},
{
  "model": "products.productimage",
  "pk": 61,
  "fields": {
    "product": 7,
    "image": "products/quan_jean_02_09.webp"
  }
},
{
  "model": "products.productimage",
  "pk": 62,
  "fields": {
    "product": 8,
    "image": "products/ao_hoodie_02_01_CCSgelD.webp"
  }
},
{
  "model": "products.productimage",
  "pk": 63,
  "fields": {
    "product": 8,
    "image": "products/ao_hoodie_02_02_pHRG7Yj.webp"
  }
},
{
  "model": "products.productimage",
  "pk": 64,
  "fields": {
    "product": 8,
    "image": "products/ao_hoodie_02_03_kKGe6rg.webp"
  }
},
{
  "model": "products.productimage",
  "pk": 65,
  "fields": {
    "product": 8,
    "image": "products/ao_hoodie_02_04_TBHe8oL.webp"
  }
},
{
  "model": "products.productimage",
  "pk": 66,
  "fields": {
    "product": 8,
    "image": "products/ao_hoodie_02_05_9CbaYeJ.webp"
  }
},
{
  "model": "products.productimage",
  "pk": 67,
  "fields": {
    "product": 8,
    "image": "products/ao_hoodie_02_06_WBfOBaa.webp"
  }
},
{
  "model": "products.productimage",
  "pk": 68,
  "fields": {
    "product": 8,
    "image": "products/ao_hoodie_02_07_GaFiU6O.webp"
  }
},
{
  "model": "products.productimage",
  "pk": 69,
  "fields": {
    "product": 9,
    "image": "products/ao_thun_10_01.webp"
  }
},
{
  "model": "products.productimage",
  "pk": 70,
  "fields": {
    "product": 9,
    "image": "products/ao_thun_10_02.webp"
  }
},
{
  "model": "products.productimage",
  "pk": 71,
  "fields": {
    "product": 9,
    "image": "products/ao_thun_10_03.webp"
  }
},
{
  "model": "products.productimage",
  "pk": 72,
  "fields": {
    "product": 9,
    "image": "products/ao_thun_10_04.webp"
  }
},
{
  "model": "products.productimage",
  "pk": 73,
  "fields": {
    "product": 9,
    "image": "products/ao_thun_10_05.webp"
  }
},
{
  "model": "products.productimage",
  "pk": 74,
  "fields": {
    "product": 9,
    "image": "products/ao_thun_10_06.webp"
  }
},
{
  "model": "products.productimage",
  "pk": 75,
  "fields": {
    "product": 9,
    "image": "products/ao_thun_10_07.webp"
  }
},
{
  "model": "products.productimage",
  "pk": 76,
  "fields": {
    "product": 9,
    "image": "products/ao_thun_10_08.webp"
  }
},
{
  "model": "products.productimage",
  "pk": 77,
  "fields": {
    "product": 9,
    "image": "products/ao_thun_10_09.webp"
  }
},
{
  "model": "products.productimage",
  "pk": 78,
  "fields": {
    "product": 10,
    "image": "products/ao_thun_09_01.webp"
  }
},
{
  "model": "products.productimage",
  "pk": 79,
  "fields": {
    "product": 10,
    "image": "products/ao_thun_09_02.webp"
  }
},
{
  "model": "products.productimage",
  "pk": 80,
  "fields": {
    "product": 10,
    "image": "products/ao_thun_09_03.webp"
  }
},
{
  "model": "products.productimage",
  "pk": 81,
  "fields": {
    "product": 10,
    "image": "products/ao_thun_09_04.webp"
  }
},
{
  "model": "products.productimage",
  "pk": 82,
  "fields": {
    "product": 10,
    "image": "products/ao_thun_09_05.webp"
  }
},
{
  "model": "products.productimage",
  "pk": 83,
  "fields": {
    "product": 10,
    "image": "products/ao_thun_09_06.webp"
  }
},
{
  "model": "products.productimage",
  "pk": 84,
  "fields": {
    "product": 10,
    "image": "products/ao_thun_09_07.webp"
  }
},
{
  "model": "products.productimage",
  "pk": 85,
  "fields": {
    "product": 10,
    "image": "products/ao_thun_09_08.webp"
  }
},
{
  "model": "products.productimage",
  "pk": 86,
  "fields": {
    "product": 11,
    "image": "products/ao_thun_08_01.webp"
  }
},
{
  "model": "products.productimage",
  "pk": 87,
  "fields": {
    "product": 11,
    "image": "products/ao_thun_08_02.webp"
  }
},
{
  "model": "products.productimage",
  "pk": 88,
  "fields": {
    "product": 11,
    "image": "products/ao_thun_08_03.webp"
  }
},
{
  "model": "products.productimage",
  "pk": 89,
  "fields": {
    "product": 11,
    "image": "products/ao_thun_08_04.webp"
  }
},
{
  "model": "products.productimage",
  "pk": 90,
  "fields": {
    "product": 11,
    "image": "products/ao_thun_08_05.webp"
  }
},
{
  "model": "products.productimage",
  "pk": 91,
  "fields": {
    "product": 11,
    "image": "products/ao_thun_08_06.webp"
  }
},
{
  "model": "products.productimage",
  "pk": 92,
  "fields": {
    "product": 12,
    "image": "products/ao_thun_07_01.webp"
  }
},
{
  "model": "products.productimage",
  "pk": 93,
  "fields": {
    "product": 12,
    "image": "products/ao_thun_07_02.webp"
  }
},
{
  "model": "products.productimage",
  "pk": 94,
  "fields": {
    "product": 12,
    "image": "products/ao_thun_07_03.webp"
  }
},
{
  "model": "products.productimage",
  "pk": 95,
  "fields": {
    "product": 12,
    "image": "products/ao_thun_07_04.webp"
  }
},
{
  "model": "products.productimage",
  "pk": 96,
  "fields": {
    "product": 12,
    "image": "products/ao_thun_07_05.webp"
  }
},
{
  "model": "products.productimage",
  "pk": 97,
  "fields": {
    "product": 12,
    "image": "products/ao_thun_07_06.webp"
  }
},
{
  "model": "products.productimage",
  "pk": 98,
  "fields": {
    "product": 12,
    "image": "products/ao_thun_07_07.webp"
  }
},
{
  "model": "products.productimage",
  "pk": 99,
  "fields": {
    "product": 12,
    "image": "products/ao_thun_07_08.webp"
  }
},
{
  "model": "products.productimage",
  "pk": 100,
  "fields": {
    "product": 14,
    "image": "products/quan_jean_03_01_RsC5f2j.webp"
  }
},
{
  "model": "products.productimage",
  "pk": 101,
  "fields": {
    "product": 14,
    "image": "products/quan_jean_03_02_4RCvSHG.webp"
  }
},
{
  "model": "products.productimage",
  "pk": 102,
  "fields": {
    "product": 14,
    "image": "products/quan_jean_03_03_SOZdZaM.webp"
  }
},
{
  "model": "products.productimage",
  "pk": 103,
  "fields": {
    "product": 14,
    "image": "products/quan_jean_03_04_SG3utrO.webp"
  }
},
{
  "model": "products.productimage",
  "pk": 104,
  "fields": {
    "product": 14,
    "image": "products/quan_jean_03_05_KkNkerf.webp"
  }
},
{
  "model": "products.productimage",
  "pk": 105,
  "fields": {
    "product": 14,
    "image": "products/quan_jean_03_06_CCNNklw.webp"
  }
},
{
  "model": "products.productimage",
  "pk": 106,
  "fields": {
    "product": 14,
    "image": "products/quan_jean_03_07_jAXChP3.webp"
  }
},
{
  "model": "products.productimage",
  "pk": 107,
  "fields": {
    "product": 14,
    "image": "products/quan_jean_03_08_GxMIe98.webp"
  }
},
{
  "model": "products.productimage",
  "pk": 108,
  "fields": {
    "product": 13,
    "image": "products/ao_thun_06_01.webp"
  }
},
{
  "model": "products.productimage",
  "pk": 109,
  "fields": {
    "product": 13,
    "image": "products/ao_thun_06_02.webp"
  }
},
{
  "model": "products.productimage",
  "pk": 110,
  "fields": {
    "product": 13,
    "image": "products/ao_thun_06_03.webp"
  }
},
{
  "model": "products.productimage",
  "pk": 111,
  "fields": {
    "product": 13,
    "image": "products/ao_thun_06_04.webp"
  }
},
{
  "model": "products.productimage",
  "pk": 112,
  "fields": {
    "product": 13,
    "image": "products/ao_thun_06_05.webp"
  }
},
{
  "model": "products.productimage",
  "pk": 113,
  "fields": {
    "product": 15,
    "image": "products/quan_short_08_01.webp"
  }
},
{
  "model": "products.productimage",
  "pk": 114,
  "fields": {
    "product": 15,
    "image": "products/quan_short_08_02.webp"
  }
},
{
  "model": "products.productimage",
  "pk": 115,
  "fields": {
    "product": 15,
    "image": "products/quan_short_08_03.webp"
  }
},
{
  "model": "products.productimage",
  "pk": 116,
  "fields": {
    "product": 15,
    "image": "products/quan_short_08_04.webp"
  }
},
{
  "model": "products.productimage",
  "pk": 117,
  "fields": {
    "product": 15,
    "image": "products/quan_short_08_05.webp"
  }
},
{
  "model": "products.productimage",
  "pk": 118,
  "fields": {
    "product": 15,
    "image": "products/quan_short_08_06.webp"
  }
},
{
  "model": "products.productimage",
  "pk": 119,
  "fields": {
    "product": 15,
    "image": "products/quan_short_08_07.webp"
  }
},
{
  "model": "products.productimage",
  "pk": 120,
  "fields": {
    "product": 15,
    "image": "products/quan_short_08_08.webp"
  }
},
{
  "model": "products.productimage",
  "pk": 121,
  "fields": {
    "product": 16,
    "image": "products/quan_short_07_01.webp"
  }
},
{
  "model": "products.productimage",
  "pk": 122,
  "fields": {
    "product": 16,
    "image": "products/quan_short_07_02.webp"
  }
},
{
  "model": "products.productimage",
  "pk": 123,
  "fields": {
    "product": 16,
    "image": "products/quan_short_07_03.webp"
  }
},
{
  "model": "products.productimage",
  "pk": 124,
  "fields": {
    "product": 16,
    "image": "products/quan_short_07_04.webp"
  }
},
{
  "model": "products.productimage",
  "pk": 125,
  "fields": {
    "product": 16,
    "image": "products/quan_short_07_05.webp"
  }
},
{
  "model": "products.productimage",
  "pk": 126,
  "fields": {
    "product": 16,
    "image": "products/quan_short_07_06.webp"
  }
},
{
  "model": "products.productimage",
  "pk": 127,
  "fields": {
    "product": 16,
    "image": "products/quan_short_07_07.webp"
  }
},
{
  "model": "products.productimage",
  "pk": 128,
  "fields": {
    "product": 16,
    "image": "products/quan_short_07_08.webp"
  }
},
{
  "model": "products.productimage",
  "pk": 129,
  "fields": {
    "product": 17,
    "image": "products/quan_short_06_01.webp"
  }
},
{
  "model": "products.productimage",
  "pk": 130,
  "fields": {
    "product": 17,
    "image": "products/quan_short_06_02.webp"
  }
},
{
  "model": "products.productimage",
  "pk": 131,
  "fields": {
    "product": 17,
    "image": "products/quan_short_06_03.webp"
  }
},
{
  "model": "products.productimage",
  "pk": 132,
  "fields": {
    "product": 17,
    "image": "products/quan_short_06_04.webp"
  }
},
{
  "model": "products.productimage",
  "pk": 133,
  "fields": {
    "product": 17,
    "image": "products/quan_short_06_05.webp"
  }
},
{
  "model": "products.productimage",
  "pk": 134,
  "fields": {
    "product": 17,
    "image": "products/quan_short_06_06.webp"
  }
},
{
  "model": "products.productimage",
  "pk": 135,
  "fields": {
    "product": 17,
    "image": "products/quan_short_06_07.webp"
  }
},
{
  "model": "products.productimage",
  "pk": 136,
  "fields": {
    "product": 17,
    "image": "products/quan_short_06_08.webp"
  }
},
{
  "model": "products.productimage",
  "pk": 153,
  "fields": {
    "product": 19,
    "image": "products/quan_short_04_01.webp"
  }
},
{
  "model": "products.productimage",
  "pk": 154,
  "fields": {
    "product": 19,
    "image": "products/quan_short_04_02.webp"
  }
},
{
  "model": "products.productimage",
  "pk": 155,
  "fields": {
    "product": 19,
    "image": "products/quan_short_04_03.webp"
  }
},
{
  "model": "products.productimage",
  "pk": 156,
  "fields": {
    "product": 19,
    "image": "products/quan_short_04_04.webp"
  }
},
{
  "model": "products.productimage",
  "pk": 157,
  "fields": {
    "product": 19,
    "image": "products/quan_short_04_05.webp"
  }
},
{
  "model": "products.productimage",
  "pk": 158,
  "fields": {
    "product": 19,
    "image": "products/quan_short_04_06.webp"
  }
},
{
  "model": "products.productimage",
  "pk": 159,
  "fields": {
    "product": 19,
    "image": "products/quan_short_04_07.webp"
  }
},
{
  "model": "products.productimage",
  "pk": 160,
  "fields": {
    "product": 19,
    "image": "products/quan_short_04_08.webp"
  }
},
{
  "model": "products.productimage",
  "pk": 161,
  "fields": {
    "product": 20,
    "image": "products/quan_short_02_01.webp"
  }
},
{
  "model": "products.productimage",
  "pk": 162,
  "fields": {
    "product": 20,
    "image": "products/quan_short_02_02.webp"
  }
},
{
  "model": "products.productimage",
  "pk": 163,
  "fields": {
    "product": 20,
    "image": "products/quan_short_02_03.webp"
  }
},
{
  "model": "products.productimage",
  "pk": 164,
  "fields": {
    "product": 20,
    "image": "products/quan_short_02_04.webp"
  }
},
{
  "model": "products.productimage",
  "pk": 165,
  "fields": {
    "product": 20,
    "image": "products/quan_short_02_05.webp"
  }
},
{
  "model": "products.productimage",
  "pk": 166,
  "fields": {
    "product": 20,
    "image": "products/quan_short_02_06.webp"
  }
},
{
  "model": "products.productimage",
  "pk": 167,
  "fields": {
    "product": 20,
    "image": "products/quan_short_02_07.webp"
  }
},
{
  "model": "products.productimage",
  "pk": 168,
  "fields": {
    "product": 20,
    "image": "products/quan_short_02_08.webp"
  }
},
{
  "model": "products.productimage",
  "pk": 169,
  "fields": {
    "product": 20,
    "image": "products/quan_short_03_01.webp"
  }
},
{
  "model": "products.productimage",
  "pk": 170,
  "fields": {
    "product": 20,
    "image": "products/quan_short_03_02.webp"
  }
},
{
  "model": "products.productimage",
  "pk": 171,
  "fields": {
    "product": 20,
    "image": "products/quan_short_03_03.webp"
  }
},
{
  "model": "products.productimage",
  "pk": 172,
  "fields": {
    "product": 20,
    "image": "products/quan_short_03_04.webp"
  }
},
{
  "model": "products.productimage",
  "pk": 173,
  "fields": {
    "product": 20,
    "image": "products/quan_short_03_05.webp"
  }
},
{
  "model": "products.productimage",
  "pk": 174,
  "fields": {
    "product": 20,
    "image": "products/quan_short_03_06.webp"
  }
},
{
  "model": "products.productimage",
  "pk": 175,
  "fields": {
    "product": 20,
    "image": "products/quan_short_03_07.webp"
  }
},
{
  "model": "products.productimage",
  "pk": 176,
  "fields": {
    "product": 20,
    "image": "products/quan_short_03_08.webp"
  }
},
{
  "model": "products.productimage",
  "pk": 177,
  "fields": {
    "product": 20,
    "image": "products/quan_short_03_09.webp"
  }
},
{
  "model": "products.productimage",
  "pk": 179,
  "fields": {
    "product": 18,
    "image": "products/1-70d3870e-75c5-4035-9a72-166b7f87c6a2_91einpZ.webp"
  }
},
{
  "model": "products.productimage",
  "pk": 187,
  "fields": {
    "product": 18,
    "image": "products/artboard-1-copy-4-e8a66c5d-ef45-4186-adac-d1df1ebd3eba_zPdQPJD.webp"
  }
},
{
  "model": "products.productimage",
  "pk": 188,
  "fields": {
    "product": 18,
    "image": "products/artboard-1-copy-2-4dc9d1e7-85bd-4708-9e14-4479a5804a8b_ME6G2bH.webp"
  }
},
{
  "model": "products.productimage",
  "pk": 189,
  "fields": {
    "product": 18,
    "image": "products/artboard-1-f55ed024-4b36-44ae-9134-c464ddf809bc_z44QT18.webp"
  }
},
{
  "model": "products.productimage",
  "pk": 190,
  "fields": {
    "product": 18,
    "image": "products/artboard-1-copy-0671d9c5-d744-456b-96d7-1d3c9013742c_eSITLCF.webp"
  }
},
{
  "model": "products.productimage",
  "pk": 191,
  "fields": {
    "product": 18,
    "image": "products/artboard-1-copy-3-4915e2f8-e9f0-4c77-81cd-5dd54983ccd1_sLdzV1i.webp"
  }
},
{
  "model": "products.productimage",
  "pk": 192,
  "fields": {
    "product": 18,
    "image": "products/z7126666252956-e82b3341055d3a069085c32ea4426e60_nDvhx2I.webp"
  }
},
{
  "model": "products.productimage",
  "pk": 193,
  "fields": {
    "product": 18,
    "image": "products/2-191c7e7b-80e4-4ac9-b65a-9026741f6d3d_dRj87hI.webp"
  }
},
{
  "model": "products.productimage",
  "pk": 194,
  "fields": {
    "product": 18,
    "image": "products/quan_short_05_01_Nr37GdW.webp"
  }
},
{
  "model": "products.productimage",
  "pk": 195,
  "fields": {
    "product": 18,
    "image": "products/quan_short_05_02_6FHfgoX.webp"
  }
},
{
  "model": "products.productimage",
  "pk": 196,
  "fields": {
    "product": 18,
    "image": "products/quan_short_05_03_bNstXcM.webp"
  }
},
{
  "model": "products.productimage",
  "pk": 197,
  "fields": {
    "product": 18,
    "image": "products/quan_short_05_04_VYB5rlo.webp"
  }
},
{
  "model": "products.productimage",
  "pk": 198,
  "fields": {
    "product": 18,
    "image": "products/quan_short_05_05_dzBBg99.webp"
  }
},
{
  "model": "products.productimage",
  "pk": 199,
  "fields": {
    "product": 18,
    "image": "products/quan_short_05_06_kebeHeI.webp"
  }
},
{
  "model": "products.productimage",
  "pk": 200,
  "fields": {
    "product": 18,
    "image": "products/quan_short_05_07_mu63mG0.webp"
  }
},
{
  "model": "products.productimage",
  "pk": 201,
  "fields": {
    "product": 18,
    "image": "products/quan_short_05_08_zaPRLBN.webp"
  }
},
{
  "model": "products.productimage",
  "pk": 202,
  "fields": {
    "product": 21,
    "image": "products/quan_jean_04_01_EWnNC6e.webp"
  }
},
{
  "model": "products.productimage",
  "pk": 203,
  "fields": {
    "product": 21,
    "image": "products/quan_jean_04_02_jHlZgWV.webp"
  }
},
{
  "model": "products.productimage",
  "pk": 204,
  "fields": {
    "product": 21,
    "image": "products/quan_jean_04_03_g6dAqFh.webp"
  }
},
{
  "model": "products.productimage",
  "pk": 205,
  "fields": {
    "product": 21,
    "image": "products/quan_jean_04_04_XIip9f0.webp"
  }
},
{
  "model": "products.productimage",
  "pk": 206,
  "fields": {
    "product": 21,
    "image": "products/quan_jean_04_05_6qLKc9n.webp"
  }
},
{
  "model": "products.productimage",
  "pk": 207,
  "fields": {
    "product": 21,
    "image": "products/quan_jean_04_06_YxfhYsY.webp"
  }
},
{
  "model": "products.productimage",
  "pk": 208,
  "fields": {
    "product": 21,
    "image": "products/quan_jean_04_07_ssrxbKb.webp"
  }
},
{
  "model": "products.productimage",
  "pk": 209,
  "fields": {
    "product": 21,
    "image": "products/quan_jean_04_08_yoBXF7G.webp"
  }
},
{
  "model": "products.productimage",
  "pk": 210,
  "fields": {
    "product": 21,
    "image": "products/quan_jean_04_09_K8r5ZgM.webp"
  }
},
{
  "model": "products.productimage",
  "pk": 211,
  "fields": {
    "product": 21,
    "image": "products/quan_jean_04_10_yNysf5R.webp"
  }
},
{
  "model": "products.productimage",
  "pk": 212,
  "fields": {
    "product": 22,
    "image": "products/quan_jean_05_01_j0B9VGk.webp"
  }
},
{
  "model": "products.productimage",
  "pk": 213,
  "fields": {
    "product": 22,
    "image": "products/quan_jean_05_02_gI9r8Hd.webp"
  }
},
{
  "model": "products.productimage",
  "pk": 214,
  "fields": {
    "product": 22,
    "image": "products/quan_jean_05_03_7Mdwcmr.webp"
  }
},
{
  "model": "products.productimage",
  "pk": 215,
  "fields": {
    "product": 22,
    "image": "products/quan_jean_05_04_R1wgx9W.webp"
  }
},
{
  "model": "products.productimage",
  "pk": 216,
  "fields": {
    "product": 22,
    "image": "products/quan_jean_05_05_kmaQACL.webp"
  }
},
{
  "model": "products.productimage",
  "pk": 217,
  "fields": {
    "product": 22,
    "image": "products/quan_jean_05_06_TIJJ8Fg.webp"
  }
},
{
  "model": "products.productimage",
  "pk": 218,
  "fields": {
    "product": 22,
    "image": "products/quan_jean_05_07_IUuTv2b.webp"
  }
},
{
  "model": "products.productimage",
  "pk": 219,
  "fields": {
    "product": 22,
    "image": "products/quan_jean_05_08_Qw5ygLd.webp"
  }
},
{
  "model": "products.productimage",
  "pk": 220,
  "fields": {
    "product": 23,
    "image": "products/quan_jean_06_01.webp"
  }
},
{
  "model": "products.productimage",
  "pk": 221,
  "fields": {
    "product": 23,
    "image": "products/quan_jean_06_02.webp"
  }
},
{
  "model": "products.productimage",
  "pk": 222,
  "fields": {
    "product": 23,
    "image": "products/quan_jean_06_03.webp"
  }
},
{
  "model": "products.productimage",
  "pk": 223,
  "fields": {
    "product": 23,
    "image": "products/quan_jean_06_04.webp"
  }
},
{
  "model": "products.productimage",
  "pk": 224,
  "fields": {
    "product": 23,
    "image": "products/quan_jean_06_05.webp"
  }
},
{
  "model": "products.productimage",
  "pk": 225,
  "fields": {
    "product": 23,
    "image": "products/quan_jean_06_06.webp"
  }
},
{
  "model": "products.productimage",
  "pk": 226,
  "fields": {
    "product": 23,
    "image": "products/quan_jean_06_07.webp"
  }
},
{
  "model": "products.productimage",
  "pk": 227,
  "fields": {
    "product": 23,
    "image": "products/quan_jean_06_08.webp"
  }
},
{
  "model": "products.productimage",
  "pk": 228,
  "fields": {
    "product": 24,
    "image": "products/ao_polo_02_01_Bj8a9Ym.webp"
  }
},
{
  "model": "products.productimage",
  "pk": 229,
  "fields": {
    "product": 24,
    "image": "products/ao_polo_02_02_J1F7BCZ.webp"
  }
},
{
  "model": "products.productimage",
  "pk": 230,
  "fields": {
    "product": 24,
    "image": "products/ao_polo_02_03_WIYteBg.webp"
  }
},
{
  "model": "products.productimage",
  "pk": 231,
  "fields": {
    "product": 24,
    "image": "products/ao_polo_02_04_h42mPvU.webp"
  }
},
{
  "model": "products.productimage",
  "pk": 232,
  "fields": {
    "product": 24,
    "image": "products/ao_polo_02_05_yVSDoF5.webp"
  }
},
{
  "model": "products.productimage",
  "pk": 233,
  "fields": {
    "product": 24,
    "image": "products/ao_polo_02_06_rCYChAh.webp"
  }
},
{
  "model": "products.productimage",
  "pk": 234,
  "fields": {
    "product": 25,
    "image": "products/ao_polo_03_01.webp"
  }
},
{
  "model": "products.productimage",
  "pk": 235,
  "fields": {
    "product": 25,
    "image": "products/ao_polo_03_02.webp"
  }
},
{
  "model": "products.productimage",
  "pk": 236,
  "fields": {
    "product": 25,
    "image": "products/ao_polo_03_03.webp"
  }
},
{
  "model": "products.productimage",
  "pk": 237,
  "fields": {
    "product": 25,
    "image": "products/ao_polo_03_04.webp"
  }
},
{
  "model": "products.productimage",
  "pk": 238,
  "fields": {
    "product": 25,
    "image": "products/ao_polo_03_05.webp"
  }
},
{
  "model": "products.productimage",
  "pk": 239,
  "fields": {
    "product": 25,
    "image": "products/ao_polo_03_06.webp"
  }
},
{
  "model": "products.productimage",
  "pk": 240,
  "fields": {
    "product": 25,
    "image": "products/ao_polo_03_07.webp"
  }
},
{
  "model": "products.productimage",
  "pk": 241,
  "fields": {
    "product": 25,
    "image": "products/ao_polo_03_08.webp"
  }
},
{
  "model": "products.productimage",
  "pk": 242,
  "fields": {
    "product": 25,
    "image": "products/ao_polo_03_09.webp"
  }
},
{
  "model": "products.productimage",
  "pk": 243,
  "fields": {
    "product": 26,
    "image": "products/ao_polo_04_01.webp"
  }
},
{
  "model": "products.productimage",
  "pk": 244,
  "fields": {
    "product": 26,
    "image": "products/ao_polo_04_02.webp"
  }
},
{
  "model": "products.productimage",
  "pk": 245,
  "fields": {
    "product": 26,
    "image": "products/ao_polo_04_03.webp"
  }
},
{
  "model": "products.productimage",
  "pk": 246,
  "fields": {
    "product": 26,
    "image": "products/ao_polo_04_04.webp"
  }
},
{
  "model": "products.productimage",
  "pk": 247,
  "fields": {
    "product": 26,
    "image": "products/ao_polo_04_05.webp"
  }
},
{
  "model": "products.productimage",
  "pk": 248,
  "fields": {
    "product": 26,
    "image": "products/ao_polo_05_01.webp"
  }
},
{
  "model": "products.productimage",
  "pk": 249,
  "fields": {
    "product": 26,
    "image": "products/ao_polo_05_02.webp"
  }
},
{
  "model": "products.productimage",
  "pk": 250,
  "fields": {
    "product": 26,
    "image": "products/ao_polo_05_03.webp"
  }
},
{
  "model": "products.productimage",
  "pk": 251,
  "fields": {
    "product": 26,
    "image": "products/ao_polo_05_04.webp"
  }
},
{
  "model": "products.productimage",
  "pk": 252,
  "fields": {
    "product": 26,
    "image": "products/ao_polo_05_05.webp"
  }
},
{
  "model": "products.productimage",
  "pk": 253,
  "fields": {
    "product": 27,
    "image": "products/ao_polo_06_01.webp"
  }
},
{
  "model": "products.productimage",
  "pk": 254,
  "fields": {
    "product": 27,
    "image": "products/ao_polo_06_02.webp"
  }
},
{
  "model": "products.productimage",
  "pk": 255,
  "fields": {
    "product": 27,
    "image": "products/ao_polo_06_03.webp"
  }
},
{
  "model": "products.productimage",
  "pk": 256,
  "fields": {
    "product": 27,
    "image": "products/ao_polo_06_04.webp"
  }
},
{
  "model": "products.productimage",
  "pk": 257,
  "fields": {
    "product": 27,
    "image": "products/ao_polo_06_05.webp"
  }
},
{
  "model": "products.productimage",
  "pk": 258,
  "fields": {
    "product": 27,
    "image": "products/ao_polo_06_06.webp"
  }
},
{
  "model": "products.productimage",
  "pk": 259,
  "fields": {
    "product": 27,
    "image": "products/ao_polo_06_07.webp"
  }
},
{
  "model": "products.productimage",
  "pk": 260,
  "fields": {
    "product": 27,
    "image": "products/ao_polo_06_08.webp"
  }
},
{
  "model": "products.productimage",
  "pk": 261,
  "fields": {
    "product": 28,
    "image": "products/ao_tanktop_02_01.webp"
  }
},
{
  "model": "products.productimage",
  "pk": 262,
  "fields": {
    "product": 28,
    "image": "products/ao_tanktop_02_02.webp"
  }
},
{
  "model": "products.productimage",
  "pk": 263,
  "fields": {
    "product": 28,
    "image": "products/ao_tanktop_02_03.webp"
  }
},
{
  "model": "products.productimage",
  "pk": 264,
  "fields": {
    "product": 28,
    "image": "products/ao_tanktop_02_04.webp"
  }
},
{
  "model": "products.productimage",
  "pk": 265,
  "fields": {
    "product": 28,
    "image": "products/ao_tanktop_02_05.webp"
  }
},
{
  "model": "products.productimage",
  "pk": 266,
  "fields": {
    "product": 28,
    "image": "products/ao_tanktop_02_06.webp"
  }
},
{
  "model": "products.productimage",
  "pk": 267,
  "fields": {
    "product": 29,
    "image": "products/ao_thun_03_01.webp"
  }
},
{
  "model": "products.productimage",
  "pk": 268,
  "fields": {
    "product": 29,
    "image": "products/ao_thun_03_02.webp"
  }
},
{
  "model": "products.productimage",
  "pk": 269,
  "fields": {
    "product": 29,
    "image": "products/ao_thun_03_03.webp"
  }
},
{
  "model": "products.productimage",
  "pk": 270,
  "fields": {
    "product": 29,
    "image": "products/ao_thun_03_04.webp"
  }
},
{
  "model": "products.productimage",
  "pk": 271,
  "fields": {
    "product": 29,
    "image": "products/ao_thun_03_05.webp"
  }
},
{
  "model": "products.productimage",
  "pk": 272,
  "fields": {
    "product": 29,
    "image": "products/ao_thun_03_06.webp"
  }
},
{
  "model": "products.productimage",
  "pk": 273,
  "fields": {
    "product": 29,
    "image": "products/ao_thun_03_07.webp"
  }
},
{
  "model": "products.productimage",
  "pk": 274,
  "fields": {
    "product": 29,
    "image": "products/ao_thun_03_08.webp"
  }
},
{
  "model": "products.productimage",
  "pk": 275,
  "fields": {
    "product": 30,
    "image": "products/ao_thun_04_01.webp"
  }
},
{
  "model": "products.productimage",
  "pk": 276,
  "fields": {
    "product": 30,
    "image": "products/ao_thun_04_02.webp"
  }
},
{
  "model": "products.productimage",
  "pk": 277,
  "fields": {
    "product": 30,
    "image": "products/ao_thun_04_03.webp"
  }
},
{
  "model": "products.productimage",
  "pk": 278,
  "fields": {
    "product": 30,
    "image": "products/ao_thun_04_04.webp"
  }
},
{
  "model": "products.productimage",
  "pk": 279,
  "fields": {
    "product": 30,
    "image": "products/ao_thun_04_05.webp"
  }
},
{
  "model": "products.productimage",
  "pk": 280,
  "fields": {
    "product": 30,
    "image": "products/ao_thun_04_06.webp"
  }
},
{
  "model": "products.productimage",
  "pk": 281,
  "fields": {
    "product": 31,
    "image": "products/ao_thun_05_01.webp"
  }
},
{
  "model": "products.productimage",
  "pk": 282,
  "fields": {
    "product": 31,
    "image": "products/ao_thun_05_02.webp"
  }
},
{
  "model": "products.productimage",
  "pk": 283,
  "fields": {
    "product": 31,
    "image": "products/ao_thun_05_03.webp"
  }
},
{
  "model": "products.productimage",
  "pk": 284,
  "fields": {
    "product": 31,
    "image": "products/ao_thun_05_04.webp"
  }
},
{
  "model": "products.productimage",
  "pk": 285,
  "fields": {
    "product": 31,
    "image": "products/ao_thun_05_05.webp"
  }
},
{
  "model": "products.color",
  "pk": 1,
  "fields": {
    "name": "Đen",
    "code": "#000"
  }
},
{
  "model": "products.color",
  "pk": 2,
  "fields": {
    "name": "Xám nâu",
    "code": "#614937"
  }
},
{
  "model": "products.color",
  "pk": 3,
  "fields": {
    "name": "Trắng",
    "code": "#fcfcfc"
  }
},
{
  "model": "products.color",
  "pk": 4,
  "fields": {
    "name": "Xanh đen",
    "code": "#1e3270"
  }
},
{
  "model": "products.color",
  "pk": 5,
  "fields": {
    "name": "Nâu đất",
    "code": "#A52A2A"
  }
},
{
  "model": "products.color",
  "pk": 6,
  "fields": {
    "name": "Xám nâu",
    "code": "#c7bdbd"
  }
},
{
  "model": "products.color",
  "pk": 7,
  "fields": {
    "name": "Hồng phấn",
    "code": "#ffc2d4"
  }
},
{
  "model": "products.color",
  "pk": 8,
  "fields": {
    "name": "Xám",
    "code": "#c7c7c7"
  }
},
{
  "model": "products.color",
  "pk": 9,
  "fields": {
    "name": "Cam",
    "code": "#fdb36d"
  }
},
{
  "model": "products.color",
  "pk": 10,
  "fields": {
    "name": "Rần ri",
    "code": "#4c4f44"
  }
},
{
  "model": "products.color",
  "pk": 11,
  "fields": {
    "name": "Đỏ",
    "code": "#d52020"
  }
},
{
  "model": "products.color",
  "pk": 12,
  "fields": {
    "name": "Xanh dơ",
    "code": "#a4b0a8"
  }
},
{
  "model": "products.color",
  "pk": 13,
  "fields": {
    "name": "Xanh jean",
    "code": "#576d85"
  }
},
{
  "model": "products.color",
  "pk": 14,
  "fields": {
    "name": "Xanh lá đậm",
    "code": "#003528"
  }
},
{
  "model": "products.size",
  "pk": 1,
  "fields": {
    "name": "XS",
    "order": 1
  }
},
{
  "model": "products.size",
  "pk": 2,
  "fields": {
    "name": "S",
    "order": 2
  }
},
{
  "model": "products.size",
  "pk": 3,
  "fields": {
    "name": "M",
    "order": 3
  }
},
{
  "model": "products.size",
  "pk": 4,
  "fields": {
    "name": "L",
    "order": 4
  }
},
{
  "model": "products.size",
  "pk": 5,
  "fields": {
    "name": "XL",
    "order": 5
  }
},
{
  "model": "products.size",
  "pk": 6,
  "fields": {
    "name": "XXL",
    "order": 6
  }
},
{
  "model": "products.size",
  "pk": 7,
  "fields": {
    "name": "26",
    "order": 1
  }
},
{
  "model": "products.size",
  "pk": 8,
  "fields": {
    "name": "28",
    "order": 2
  }
},
{
  "model": "products.size",
  "pk": 9,
  "fields": {
    "name": "30",
    "order": 3
  }
},
{
  "model": "products.size",
  "pk": 10,
  "fields": {
    "name": "32",
    "order": 4
  }
},
{
  "model": "products.size",
  "pk": 11,
  "fields": {
    "name": "34",
    "order": 5
  }
},
{
  "model": "products.size",
  "pk": 12,
  "fields": {
    "name": "36",
    "order": 6
  }
},
{
  "model": "products.productvariant",
  "pk": 1,
  "fields": {
    "product": 1,
    "color": 1,
    "size": 2,
    "stock": 15,
    "price": null
  }
},
{
  "model": "products.productvariant",
  "pk": 2,
  "fields": {
    "product": 2,
    "color": 1,
    "size": 3,
    "stock": 19,
    "price": null
  }
},
{
  "model": "products.productvariant",
  "pk": 3,
  "fields": {
    "product": 3,
    "color": 1,
    "size": 5,
    "stock": 9,
    "price": null
  }
},
{
  "model": "products.productvariant",
  "pk": 4,
  "fields": {
    "product": 4,
    "color": 2,
    "size": 3,
    "stock": 9,
    "price": null
  }
},
{
  "model": "products.productvariant",
  "pk": 6,
  "fields": {
    "product": 5,
    "color": 3,
    "size": 4,
    "stock": 40,
    "price": null
  }
},
{
  "model": "products.productvariant",
  "pk": 7,
  "fields": {
    "product": 5,
    "color": 3,
    "size": 3,
    "stock": 24,
    "price": null
  }
},
{
  "model": "products.productvariant",
  "pk": 9,
  "fields": {
    "product": 5,
    "color": 3,
    "size": 2,
    "stock": 13,
    "price": null
  }
},
{
  "model": "products.productvariant",
  "pk": 11,
  "fields": {
    "product": 6,
    "color": 1,
    "size": 7,
    "stock": 20,
    "price": null
  }
},
{
  "model": "products.productvariant",
  "pk": 12,
  "fields": {
    "product": 6,
    "color": 1,
    "size": 8,
    "stock": 5,
    "price": null
  }
},
{
  "model": "products.productvariant",
  "pk": 13,
  "fields": {
    "product": 6,
    "color": 1,
    "size": 9,
    "stock": 10,
    "price": null
  }
},
{
  "model": "products.productvariant",
  "pk": 14,
  "fields": {
    "product": 6,
    "color": 1,
    "size": 10,
    "stock": 15,
    "price": null
  }
},
{
  "model": "products.productvariant",
  "pk": 15,
  "fields": {
    "product": 6,
    "color": 1,
    "size": 11,
    "stock": 15,
    "price": null
  }
},
{
  "model": "products.productvariant",
  "pk": 16,
  "fields": {
    "product": 6,
    "color": 1,
    "size": 12,
    "stock": 0,
    "price": null
  }
},
{
  "model": "products.productvariant",
  "pk": 17,
  "fields": {
    "product": 7,
    "color": 4,
    "size": 7,
    "stock": 0,
    "price": null
  }
},
{
  "model": "products.productvariant",
  "pk": 18,
  "fields": {
    "product": 7,
    "color": 4,
    "size": 8,
    "stock": 20,
    "price": null
  }
},
{
  "model": "products.productvariant",
  "pk": 19,
  "fields": {
    "product": 7,
    "color": 4,
    "size": 9,
    "stock": 30,
    "price": 550000
  }
},
{
  "model": "products.productvariant",
  "pk": 20,
  "fields": {
    "product": 7,
    "color": 4,
    "size": 10,
    "stock": 12,
    "price": null
  }
},
{
  "model": "products.productvariant",
  "pk": 21,
  "fields": {
    "product": 7,
    "color": 4,
    "size": 11,
    "stock": 15,
    "price": null
  }
},
{
  "model": "products.productvariant",
  "pk": 23,
  "fields": {
    "product": 4,
    "color": 2,
    "size": 4,
    "stock": 23,
    "price": null
  }
},
{
  "model": "products.productvariant",
  "pk": 24,
  "fields": {
    "product": 4,
    "color": 2,
    "size": 5,
    "stock": 14,
    "price": null
  }
},
{
  "model": "products.productvariant",
  "pk": 26,
  "fields": {
    "product": 7,
    "color": 4,
    "size": 12,
    "stock": 3,
    "price": null
  }
},
{
  "model": "products.productvariant",
  "pk": 27,
  "fields": {
    "product": 5,
    "color": 3,
    "size": 5,
    "stock": 20,
    "price": null
  }
},
{
  "model": "products.productvariant",
  "pk": 28,
  "fields": {
    "product": 3,
    "color": 1,
    "size": 2,
    "stock": 23,
    "price": null
  }
},
{
  "model": "products.productvariant",
  "pk": 29,
  "fields": {
    "product": 3,
    "color": 1,
    "size": 3,
    "stock": 13,
    "price": null
  }
},
{
  "model": "products.productvariant",
  "pk": 30,
  "fields": {
    "product": 3,
    "color": 1,
    "size": 4,
    "stock": 15,
    "price": null
  }
},
{
  "model": "products.productvariant",
  "pk": 31,
  "fields": {
    "product": 2,
    "color": 1,
    "size": 4,
    "stock": 36,
    "price": null
  }
},
{
  "model": "products.productvariant",
  "pk": 32,
  "fields": {
    "product": 2,
    "color": 1,
    "size": 5,
    "stock": 43,
    "price": null
  }
},
{
  "model": "products.productvariant",
  "pk": 33,
  "fields": {
    "product": 1,
    "color": 1,
    "size": 3,
    "stock": 23,
    "price": null
  }
},
{
  "model": "products.productvariant",
  "pk": 34,
  "fields": {
    "product": 8,
    "color": 1,
    "size": 3,
    "stock": 45,
    "price": null
  }
},
{
  "model": "products.productvariant",
  "pk": 35,
  "fields": {
    "product": 8,
    "color": 1,
    "size": 4,
    "stock": 39,
    "price": null
  }
},
{
  "model": "products.productvariant",
  "pk": 36,
  "fields": {
    "product": 8,
    "color": 1,
    "size": 5,
    "stock": 53,
    "price": null
  }
},
{
  "model": "products.productvariant",
  "pk": 37,
  "fields": {
    "product": 9,
    "color": 1,
    "size": 2,
    "stock": 23,
    "price": null
  }
},
{
  "model": "products.productvariant",
  "pk": 38,
  "fields": {
    "product": 9,
    "color": 1,
    "size": 3,
    "stock": 26,
    "price": null
  }
},
{
  "model": "products.productvariant",
  "pk": 39,
  "fields": {
    "product": 9,
    "color": 1,
    "size": 4,
    "stock": 15,
    "price": null
  }
},
{
  "model": "products.productvariant",
  "pk": 40,
  "fields": {
    "product": 9,
    "color": 1,
    "size": 5,
    "stock": 58,
    "price": null
  }
},
{
  "model": "products.productvariant",
  "pk": 41,
  "fields": {
    "product": 10,
    "color": 1,
    "size": 1,
    "stock": 24,
    "price": null
  }
},
{
  "model": "products.productvariant",
  "pk": 42,
  "fields": {
    "product": 10,
    "color": 1,
    "size": 2,
    "stock": 36,
    "price": null
  }
},
{
  "model": "products.productvariant",
  "pk": 43,
  "fields": {
    "product": 10,
    "color": 1,
    "size": 3,
    "stock": 12,
    "price": null
  }
},
{
  "model": "products.productvariant",
  "pk": 44,
  "fields": {
    "product": 10,
    "color": 1,
    "size": 4,
    "stock": 11,
    "price": null
  }
},
{
  "model": "products.productvariant",
  "pk": 45,
  "fields": {
    "product": 10,
    "color": 1,
    "size": 5,
    "stock": 15,
    "price": null
  }
},
{
  "model": "products.productvariant",
  "pk": 46,
  "fields": {
    "product": 11,
    "color": 3,
    "size": 2,
    "stock": 21,
    "price": null
  }
},
{
  "model": "products.productvariant",
  "pk": 47,
  "fields": {
    "product": 11,
    "color": 3,
    "size": 3,
    "stock": 52,
    "price": null
  }
},
{
  "model": "products.productvariant",
  "pk": 48,
  "fields": {
    "product": 11,
    "color": 3,
    "size": 4,
    "stock": 41,
    "price": null
  }
},
{
  "model": "products.productvariant",
  "pk": 49,
  "fields": {
    "product": 11,
    "color": 3,
    "size": 5,
    "stock": 39,
    "price": null
  }
},
{
  "model": "products.productvariant",
  "pk": 50,
  "fields": {
    "product": 12,
    "color": 1,
    "size": 1,
    "stock": 21,
    "price": null
  }
},
{
  "model": "products.productvariant",
  "pk": 51,
  "fields": {
    "product": 12,
    "color": 1,
    "size": 2,
    "stock": 31,
    "price": null
  }
},
{
  "model": "products.productvariant",
  "pk": 52,
  "fields": {
    "product": 12,
    "color": 1,
    "size": 3,
    "stock": 52,
    "price": null
  }
},
{
  "model": "products.productvariant",
  "pk": 53,
  "fields": {
    "product": 12,
    "color": 1,
    "size": 4,
    "stock": 23,
    "price": null
  }
},
{
  "model": "products.productvariant",
  "pk": 54,
  "fields": {
    "product": 12,
    "color": 1,
    "size": 5,
    "stock": 42,
    "price": null
  }
},
{
  "model": "products.productvariant",
  "pk": 55,
  "fields": {
    "product": 13,
    "color": 3,
    "size": 1,
    "stock": 34,
    "price": null
  }
},
{
  "model": "products.productvariant",
  "pk": 56,
  "fields": {
    "product": 13,
    "color": 3,
    "size": 2,
    "stock": 73,
    "price": null
  }
},
{
  "model": "products.productvariant",
  "pk": 57,
  "fields": {
    "product": 13,
    "color": 3,
    "size": 3,
    "stock": 37,
    "price": null
  }
},
{
  "model": "products.productvariant",
  "pk": 58,
  "fields": {
    "product": 13,
    "color": 3,
    "size": 4,
    "stock": 41,
    "price": null
  }
},
{
  "model": "products.productvariant",
  "pk": 59,
  "fields": {
    "product": 14,
    "color": 4,
    "size": 7,
    "stock": 15,
    "price": null
  }
},
{
  "model": "products.productvariant",
  "pk": 60,
  "fields": {
    "product": 14,
    "color": 4,
    "size": 8,
    "stock": 24,
    "price": null
  }
},
{
  "model": "products.productvariant",
  "pk": 61,
  "fields": {
    "product": 14,
    "color": 4,
    "size": 9,
    "stock": 35,
    "price": null
  }
},
{
  "model": "products.productvariant",
  "pk": 62,
  "fields": {
    "product": 14,
    "color": 4,
    "size": 10,
    "stock": 19,
    "price": null
  }
},
{
  "model": "products.productvariant",
  "pk": 63,
  "fields": {
    "product": 14,
    "color": 4,
    "size": 11,
    "stock": 25,
    "price": null
  }
},
{
  "model": "products.productvariant",
  "pk": 64,
  "fields": {
    "product": 14,
    "color": 4,
    "size": 12,
    "stock": 47,
    "price": null
  }
},
{
  "model": "products.productvariant",
  "pk": 65,
  "fields": {
    "product": 15,
    "color": 2,
    "size": 3,
    "stock": 35,
    "price": null
  }
},
{
  "model": "products.productvariant",
  "pk": 66,
  "fields": {
    "product": 15,
    "color": 2,
    "size": 4,
    "stock": 26,
    "price": null
  }
},
{
  "model": "products.productvariant",
  "pk": 67,
  "fields": {
    "product": 15,
    "color": 2,
    "size": 5,
    "stock": 58,
    "price": null
  }
},
{
  "model": "products.productvariant",
  "pk": 68,
  "fields": {
    "product": 16,
    "color": 1,
    "size": 4,
    "stock": 24,
    "price": 390000
  }
},
{
  "model": "products.productvariant",
  "pk": 69,
  "fields": {
    "product": 16,
    "color": 1,
    "size": 5,
    "stock": 50,
    "price": null
  }
},
{
  "model": "products.productvariant",
  "pk": 70,
  "fields": {
    "product": 16,
    "color": 1,
    "size": 3,
    "stock": 60,
    "price": 290000
  }
},
{
  "model": "products.productvariant",
  "pk": 71,
  "fields": {
    "product": 17,
    "color": 7,
    "size": 2,
    "stock": 50,
    "price": null
  }
},
{
  "model": "products.productvariant",
  "pk": 72,
  "fields": {
    "product": 17,
    "color": 7,
    "size": 3,
    "stock": 34,
    "price": null
  }
},
{
  "model": "products.productvariant",
  "pk": 73,
  "fields": {
    "product": 18,
    "color": 8,
    "size": 3,
    "stock": 50,
    "price": null
  }
},
{
  "model": "products.productvariant",
  "pk": 74,
  "fields": {
    "product": 18,
    "color": 8,
    "size": 4,
    "stock": 20,
    "price": null
  }
},
{
  "model": "products.productvariant",
  "pk": 75,
  "fields": {
    "product": 18,
    "color": 8,
    "size": 5,
    "stock": 15,
    "price": null
  }
},
{
  "model": "products.productvariant",
  "pk": 76,
  "fields": {
    "product": 18,
    "color": 9,
    "size": 3,
    "stock": 50,
    "price": null
  }
},
{
  "model": "products.productvariant",
  "pk": 77,
  "fields": {
    "product": 18,
    "color": 9,
    "size": 4,
    "stock": 55,
    "price": null
  }
},
{
  "model": "products.productvariant",
  "pk": 78,
  "fields": {
    "product": 18,
    "color": 9,
    "size": 5,
    "stock": 11,
    "price": null
  }
},
{
  "model": "products.productvariant",
  "pk": 79,
  "fields": {
    "product": 19,
    "color": 10,
    "size": 2,
    "stock": 51,
    "price": null
  }
},
{
  "model": "products.productvariant",
  "pk": 80,
  "fields": {
    "product": 19,
    "color": 10,
    "size": 3,
    "stock": 15,
    "price": null
  }
},
{
  "model": "products.productvariant",
  "pk": 81,
  "fields": {
    "product": 19,
    "color": 10,
    "size": 4,
    "stock": 16,
    "price": null
  }
},
{
  "model": "products.productvariant",
  "pk": 82,
  "fields": {
    "product": 19,
    "color": 10,
    "size": 5,
    "stock": 35,
    "price": null
  }
},
{
  "model": "products.productvariant",
  "pk": 83,
  "fields": {
    "product": 20,
    "color": 1,
    "size": 3,
    "stock": 31,
    "price": null
  }
},
{
  "model": "products.productvariant",
  "pk": 84,
  "fields": {
    "product": 20,
    "color": 1,
    "size": 4,
    "stock": 41,
    "price": null
  }
},
{
  "model": "products.productvariant",
  "pk": 85,
  "fields": {
    "product": 20,
    "color": 1,
    "size": 5,
    "stock": 35,
    "price": null
  }
},
{
  "model": "products.productvariant",
  "pk": 86,
  "fields": {
    "product": 20,
    "color": 11,
    "size": 3,
    "stock": 55,
    "price": null
  }
},
{
  "model": "products.productvariant",
  "pk": 87,
  "fields": {
    "product": 20,
    "color": 11,
    "size": 4,
    "stock": 26,
    "price": null
  }
},
{
  "model": "products.productvariant",
  "pk": 88,
  "fields": {
    "product": 20,
    "color": 11,
    "size": 5,
    "stock": 28,
    "price": null
  }
},
{
  "model": "products.productvariant",
  "pk": 89,
  "fields": {
    "product": 21,
    "color": 12,
    "size": 7,
    "stock": 29,
    "price": null
  }
},
{
  "model": "products.productvariant",
  "pk": 90,
  "fields": {
    "product": 21,
    "color": 12,
    "size": 8,
    "stock": 45,
    "price": null
  }
},
{
  "model": "products.productvariant",
  "pk": 91,
  "fields": {
    "product": 21,
    "color": 12,
    "size": 9,
    "stock": 46,
    "price": null
  }
},
{
  "model": "products.productvariant",
  "pk": 92,
  "fields": {
    "product": 21,
    "color": 12,
    "size": 12,
    "stock": 57,
    "price": null
  }
},
{
  "model": "products.productvariant",
  "pk": 93,
  "fields": {
    "product": 21,
    "color": 12,
    "size": 10,
    "stock": 101,
    "price": null
  }
},
{
  "model": "products.productvariant",
  "pk": 94,
  "fields": {
    "product": 21,
    "color": 12,
    "size": 11,
    "stock": 38,
    "price": null
  }
},
{
  "model": "products.productvariant",
  "pk": 95,
  "fields": {
    "product": 22,
    "color": 1,
    "size": 8,
    "stock": 25,
    "price": null
  }
},
{
  "model": "products.productvariant",
  "pk": 96,
  "fields": {
    "product": 22,
    "color": 1,
    "size": 9,
    "stock": 51,
    "price": null
  }
},
{
  "model": "products.productvariant",
  "pk": 97,
  "fields": {
    "product": 22,
    "color": 1,
    "size": 10,
    "stock": 31,
    "price": null
  }
},
{
  "model": "products.productvariant",
  "pk": 98,
  "fields": {
    "product": 22,
    "color": 1,
    "size": 11,
    "stock": 36,
    "price": null
  }
},
{
  "model": "products.productvariant",
  "pk": 99,
  "fields": {
    "product": 22,
    "color": 1,
    "size": 12,
    "stock": 43,
    "price": null
  }
},
{
  "model": "products.productvariant",
  "pk": 100,
  "fields": {
    "product": 23,
    "color": 13,
    "size": 7,
    "stock": 26,
    "price": null
  }
},
{
  "model": "products.productvariant",
  "pk": 101,
  "fields": {
    "product": 23,
    "color": 13,
    "size": 8,
    "stock": 33,
    "price": null
  }
},
{
  "model": "products.productvariant",
  "pk": 102,
  "fields": {
    "product": 23,
    "color": 13,
    "size": 9,
    "stock": 47,
    "price": null
  }
},
{
  "model": "products.productvariant",
  "pk": 103,
  "fields": {
    "product": 23,
    "color": 13,
    "size": 10,
    "stock": 33,
    "price": null
  }
},
{
  "model": "products.productvariant",
  "pk": 104,
  "fields": {
    "product": 23,
    "color": 13,
    "size": 11,
    "stock": 26,
    "price": null
  }
},
{
  "model": "products.productvariant",
  "pk": 105,
  "fields": {
    "product": 23,
    "color": 13,
    "size": 12,
    "stock": 41,
    "price": null
  }
},
{
  "model": "products.productvariant",
  "pk": 106,
  "fields": {
    "product": 24,
    "color": 1,
    "size": 3,
    "stock": 17,
    "price": null
  }
},
{
  "model": "products.productvariant",
  "pk": 107,
  "fields": {
    "product": 24,
    "color": 1,
    "size": 4,
    "stock": 35,
    "price": null
  }
},
{
  "model": "products.productvariant",
  "pk": 108,
  "fields": {
    "product": 24,
    "color": 1,
    "size": 5,
    "stock": 31,
    "price": null
  }
},
{
  "model": "products.productvariant",
  "pk": 109,
  "fields": {
    "product": 25,
    "color": 1,
    "size": 3,
    "stock": 22,
    "price": null
  }
},
{
  "model": "products.productvariant",
  "pk": 110,
  "fields": {
    "product": 25,
    "color": 1,
    "size": 4,
    "stock": 52,
    "price": null
  }
},
{
  "model": "products.productvariant",
  "pk": 111,
  "fields": {
    "product": 25,
    "color": 1,
    "size": 5,
    "stock": 56,
    "price": null
  }
},
{
  "model": "products.productvariant",
  "pk": 112,
  "fields": {
    "product": 26,
    "color": 1,
    "size": 3,
    "stock": 41,
    "price": null
  }
},
{
  "model": "products.productvariant",
  "pk": 113,
  "fields": {
    "product": 26,
    "color": 1,
    "size": 4,
    "stock": 62,
    "price": null
  }
},
{
  "model": "products.productvariant",
  "pk": 114,
  "fields": {
    "product": 26,
    "color": 1,
    "size": 5,
    "stock": 48,
    "price": null
  }
},
{
  "model": "products.productvariant",
  "pk": 115,
  "fields": {
    "product": 26,
    "color": 3,
    "size": 3,
    "stock": 65,
    "price": null
  }
},
{
  "model": "products.productvariant",
  "pk": 116,
  "fields": {
    "product": 26,
    "color": 3,
    "size": 4,
    "stock": 45,
    "price": null
  }
},
{
  "model": "products.productvariant",
  "pk": 117,
  "fields": {
    "product": 26,
    "color": 3,
    "size": 5,
    "stock": 65,
    "price": null
  }
},
{
  "model": "products.productvariant",
  "pk": 118,
  "fields": {
    "product": 27,
    "color": 1,
    "size": 3,
    "stock": 50,
    "price": null
  }
},
{
  "model": "products.productvariant",
  "pk": 119,
  "fields": {
    "product": 27,
    "color": 1,
    "size": 4,
    "stock": 66,
    "price": null
  }
},
{
  "model": "products.productvariant",
  "pk": 120,
  "fields": {
    "product": 27,
    "color": 1,
    "size": 5,
    "stock": 67,
    "price": null
  }
},
{
  "model": "products.productvariant",
  "pk": 121,
  "fields": {
    "product": 28,
    "color": 3,
    "size": 3,
    "stock": 47,
    "price": null
  }
},
{
  "model": "products.productvariant",
  "pk": 122,
  "fields": {
    "product": 28,
    "color": 3,
    "size": 4,
    "stock": 56,
    "price": null
  }
},
{
  "model": "products.productvariant",
  "pk": 123,
  "fields": {
    "product": 29,
    "color": 3,
    "size": 2,
    "stock": 72,
    "price": null
  }
},
{
  "model": "products.productvariant",
  "pk": 124,
  "fields": {
    "product": 29,
    "color": 3,
    "size": 3,
    "stock": 83,
    "price": null
  }
},
{
  "model": "products.productvariant",
  "pk": 125,
  "fields": {
    "product": 30,
    "color": 14,
    "size": 3,
    "stock": 85,
    "price": null
  }
},
{
  "model": "products.productvariant",
  "pk": 126,
  "fields": {
    "product": 30,
    "color": 14,
    "size": 4,
    "stock": 39,
    "price": null
  }
},
{
  "model": "products.productvariant",
  "pk": 127,
  "fields": {
    "product": 30,
    "color": 14,
    "size": 5,
    "stock": 63,
    "price": null
  }
},
{
  "model": "products.productvariant",
  "pk": 128,
  "fields": {
    "product": 31,
    "color": 3,
    "size": 1,
    "stock": 27,
    "price": null
  }
},
{
  "model": "products.productvariant",
  "pk": 129,
  "fields": {
    "product": 31,
    "color": 3,
    "size": 2,
    "stock": 35,
    "price": null
  }
},
{
  "model": "products.productvariant",
  "pk": 130,
  "fields": {
    "product": 31,
    "color": 3,
    "size": 3,
    "stock": 52,
    "price": null
  }
},
{
  "model": "products.productvariant",
  "pk": 131,
  "fields": {
    "product": 31,
    "color": 3,
    "size": 4,
    "stock": 83,
    "price": null
  }
},
{
  "model": "products.productvariant",
  "pk": 132,
  "fields": {
    "product": 31,
    "color": 3,
    "size": 5,
    "stock": 44,
    "price": null
  }
},
{
  "model": "cart.cart",
  "pk": 2,
  "fields": {
    "user": [
      "user03"
    ],
    "created_at": "2026-04-02T16:34:03.035Z"
  }
},
{
  "model": "cart.cart",
  "pk": 3,
  "fields": {
    "user": [
      "admin"
    ],
    "created_at": "2026-04-02T16:54:37.921Z"
  }
},
{
  "model": "cart.cart",
  "pk": 4,
  "fields": {
    "user": [
      "user02"
    ],
    "created_at": "2026-04-03T05:52:52.299Z"
  }
},
{
  "model": "cart.cart",
  "pk": 5,
  "fields": {
    "user": [
      "gg"
    ],
    "created_at": "2026-04-12T09:47:50.286Z"
  }
},
{
  "model": "cart.cart",
  "pk": 6,
  "fields": {
    "user": [
      "user01"
    ],
    "created_at": "2026-04-18T07:08:45.459Z"
  }
},
{
  "model": "cart.cartitem",
  "pk": 56,
  "fields": {
    "cart": 4,
    "product": 12,
    "quantity": 1
  }
},
{
  "model": "cart.cartitem",
  "pk": 58,
  "fields": {
    "cart": 4,
    "product": 24,
    "quantity": 1
  }
},
{
  "model": "cart.cartitem",
  "pk": 59,
  "fields": {
    "cart": 4,
    "product": 26,
    "quantity": 1
  }
},
{
  "model": "cart.cartitem",
  "pk": 60,
  "fields": {
    "cart": 4,
    "product": 18,
    "quantity": 1
  }
},
{
  "model": "cart.cartitem",
  "pk": 67,
  "fields": {
    "cart": 5,
    "product": 128,
    "quantity": 1
  }
},
{
  "model": "cart.cartitem",
  "pk": 68,
  "fields": {
    "cart": 5,
    "product": 125,
    "quantity": 1
  }
},
{
  "model": "orders.discountcode",
  "pk": 1,
  "fields": {
    "name": "Sale sâu 10%",
    "code": "SALE01",
    "discount_percent": 10,
    "min_order_value": "99000.00",
    "start_date": "2026-04-10",
    "end_date": "2026-04-15",
    "is_active": true,
    "usage_limit": 15,
    "used_count": 0
  }
},
{
  "model": "orders.discountcode",
  "pk": 2,
  "fields": {
    "name": "Sale 30/4",
    "code": "SALE02",
    "discount_percent": 12,
    "min_order_value": "50000.00",
    "start_date": "2026-04-29",
    "end_date": "2026-05-01",
    "is_active": true,
    "usage_limit": 98,
    "used_count": 0
  }
},
{
  "model": "orders.discountcode",
  "pk": 3,
  "fields": {
    "name": "Tri ân",
    "code": "SALE03",
    "discount_percent": 8,
    "min_order_value": "15000.00",
    "start_date": "2026-04-01",
    "end_date": "2026-05-29",
    "is_active": true,
    "usage_limit": 1000,
    "used_count": 1
  }
},
{
  "model": "orders.discountcode",
  "pk": 4,
  "fields": {
    "name": "Sinh nhật Quách Ngân",
    "code": "HBD_NGTHU848",
    "discount_percent": 8,
    "min_order_value": "0.00",
    "start_date": "2026-04-20",
    "end_date": "2026-04-20",
    "is_active": true,
    "usage_limit": 1,
    "used_count": 0
  }
},
{
  "model": "orders.order",
  "pk": 2,
  "fields": {
    "user": [
      "user03"
    ],
    "subtotal": "3000000.00",
    "shipping_fee": "0.00",
    "discount_code": null,
    "discount_code_snapshot": "",
    "discount_amount": "0.00",
    "total_price": "3000000.00",
    "status": "completed",
    "created_at": "2026-04-02T17:11:23.924Z",
    "confirmed_by_user": false,
    "updated_at": "2026-04-15T08:43:11.358Z",
    "completed_at": null,
    "payment_method": "cod",
    "gateway_transaction_id": "",
    "gateway_status": "none",
    "inventory_deducted": true
  }
},
{
  "model": "orders.order",
  "pk": 4,
  "fields": {
    "user": [
      "user03"
    ],
    "subtotal": "1710000.00",
    "shipping_fee": "0.00",
    "discount_code": null,
    "discount_code_snapshot": "",
    "discount_amount": "0.00",
    "total_price": "1710000.00",
    "status": "pending",
    "created_at": "2026-04-04T08:19:42.951Z",
    "confirmed_by_user": false,
    "updated_at": "2026-04-15T08:43:11.358Z",
    "completed_at": null,
    "payment_method": "cod",
    "gateway_transaction_id": "",
    "gateway_status": "none",
    "inventory_deducted": true
  }
},
{
  "model": "orders.order",
  "pk": 5,
  "fields": {
    "user": [
      "gg"
    ],
    "subtotal": "400000.00",
    "shipping_fee": "30000.00",
    "discount_code": null,
    "discount_code_snapshot": "",
    "discount_amount": "0.00",
    "total_price": "430000.00",
    "status": "pending",
    "created_at": "2026-04-16T18:18:08.443Z",
    "confirmed_by_user": false,
    "updated_at": "2026-04-16T18:18:08.443Z",
    "completed_at": null,
    "payment_method": "momo",
    "gateway_transaction_id": "",
    "gateway_status": "pending",
    "inventory_deducted": true
  }
},
{
  "model": "orders.order",
  "pk": 6,
  "fields": {
    "user": [
      "gg"
    ],
    "subtotal": "600000.00",
    "shipping_fee": "0.00",
    "discount_code": null,
    "discount_code_snapshot": "",
    "discount_amount": "0.00",
    "total_price": "600000.00",
    "status": "shipping",
    "created_at": "2026-04-16T18:19:28.997Z",
    "confirmed_by_user": false,
    "updated_at": "2026-04-17T12:45:24.044Z",
    "completed_at": null,
    "payment_method": "vnpay",
    "gateway_transaction_id": "",
    "gateway_status": "pending",
    "inventory_deducted": true
  }
},
{
  "model": "orders.order",
  "pk": 7,
  "fields": {
    "user": [
      "gg"
    ],
    "subtotal": "600000.00",
    "shipping_fee": "0.00",
    "discount_code": null,
    "discount_code_snapshot": "",
    "discount_amount": "0.00",
    "total_price": "600000.00",
    "status": "completed",
    "created_at": "2026-04-16T18:22:00.673Z",
    "confirmed_by_user": false,
    "updated_at": "2026-04-16T18:22:58.870Z",
    "completed_at": null,
    "payment_method": "cod",
    "gateway_transaction_id": "",
    "gateway_status": "none",
    "inventory_deducted": true
  }
},
{
  "model": "orders.order",
  "pk": 8,
  "fields": {
    "user": [
      "gg"
    ],
    "subtotal": "100000.00",
    "shipping_fee": "30000.00",
    "discount_code": null,
    "discount_code_snapshot": "",
    "discount_amount": "0.00",
    "total_price": "130000.00",
    "status": "pending",
    "created_at": "2026-04-17T06:06:57.342Z",
    "confirmed_by_user": false,
    "updated_at": "2026-04-17T06:06:57.342Z",
    "completed_at": null,
    "payment_method": "cod",
    "gateway_transaction_id": "",
    "gateway_status": "none",
    "inventory_deducted": true
  }
},
{
  "model": "orders.order",
  "pk": 9,
  "fields": {
    "user": [
      "user02"
    ],
    "subtotal": "370000.00",
    "shipping_fee": "30000.00",
    "discount_code": null,
    "discount_code_snapshot": "",
    "discount_amount": "0.00",
    "total_price": "400000.00",
    "status": "cancelled",
    "created_at": "2026-04-17T12:49:03.199Z",
    "confirmed_by_user": false,
    "updated_at": "2026-04-17T12:49:03.199Z",
    "completed_at": null,
    "payment_method": "cod",
    "gateway_transaction_id": "",
    "gateway_status": "none",
    "inventory_deducted": true
  }
},
{
  "model": "orders.order",
  "pk": 10,
  "fields": {
    "user": [
      "user02"
    ],
    "subtotal": "300000.00",
    "shipping_fee": "30000.00",
    "discount_code": null,
    "discount_code_snapshot": "",
    "discount_amount": "0.00",
    "total_price": "330000.00",
    "status": "returning",
    "created_at": "2026-04-17T12:50:03.231Z",
    "confirmed_by_user": false,
    "updated_at": "2026-04-17T12:50:39.664Z",
    "completed_at": null,
    "payment_method": "cod",
    "gateway_transaction_id": "",
    "gateway_status": "none",
    "inventory_deducted": true
  }
},
{
  "model": "orders.order",
  "pk": 11,
  "fields": {
    "user": [
      "user01"
    ],
    "subtotal": "370000.00",
    "shipping_fee": "30000.00",
    "discount_code": null,
    "discount_code_snapshot": "",
    "discount_amount": "0.00",
    "total_price": "400000.00",
    "status": "pending",
    "created_at": "2026-04-18T07:09:32.521Z",
    "confirmed_by_user": false,
    "updated_at": "2026-04-18T07:09:32.521Z",
    "completed_at": null,
    "payment_method": "cod",
    "gateway_transaction_id": "",
    "gateway_status": "none",
    "inventory_deducted": true
  }
},
{
  "model": "orders.order",
  "pk": 12,
  "fields": {
    "user": [
      "user02"
    ],
    "subtotal": "450000.00",
    "shipping_fee": "30000.00",
    "discount_code": 3,
    "discount_code_snapshot": "SALE03",
    "discount_amount": "36000.00",
    "total_price": "444000.00",
    "status": "completed",
    "created_at": "2026-04-18T07:20:53.707Z",
    "confirmed_by_user": false,
    "updated_at": "2026-04-18T10:06:25.953Z",
    "completed_at": null,
    "payment_method": "cod",
    "gateway_transaction_id": "",
    "gateway_status": "none",
    "inventory_deducted": true
  }
},
{
  "model": "orders.order",
  "pk": 13,
  "fields": {
    "user": [
      "user02"
    ],
    "subtotal": "331500.00",
    "shipping_fee": "30000.00",
    "discount_code": null,
    "discount_code_snapshot": "",
    "discount_amount": "0.00",
    "total_price": "361500.00",
    "status": "awaiting_confirmation",
    "created_at": "2026-04-18T07:23:41.645Z",
    "confirmed_by_user": false,
    "updated_at": "2026-04-18T07:39:13.458Z",
    "completed_at": null,
    "payment_method": "cod",
    "gateway_transaction_id": "",
    "gateway_status": "none",
    "inventory_deducted": true
  }
},
{
  "model": "orders.order",
  "pk": 14,
  "fields": {
    "user": [
      "user02"
    ],
    "subtotal": "400000.00",
    "shipping_fee": "30000.00",
    "discount_code": null,
    "discount_code_snapshot": "",
    "discount_amount": "0.00",
    "total_price": "430000.00",
    "status": "completed",
    "created_at": "2026-04-18T07:27:20.759Z",
    "confirmed_by_user": false,
    "updated_at": "2026-04-18T10:03:55.829Z",
    "completed_at": null,
    "payment_method": "cod",
    "gateway_transaction_id": "",
    "gateway_status": "none",
    "inventory_deducted": true
  }
},
{
  "model": "orders.order",
  "pk": 15,
  "fields": {
    "user": [
      "user02"
    ],
    "subtotal": "450000.00",
    "shipping_fee": "30000.00",
    "discount_code": null,
    "discount_code_snapshot": "",
    "discount_amount": "0.00",
    "total_price": "480000.00",
    "status": "completed",
    "created_at": "2026-04-18T07:28:52.316Z",
    "confirmed_by_user": false,
    "updated_at": "2026-04-18T09:50:12.047Z",
    "completed_at": null,
    "payment_method": "cod",
    "gateway_transaction_id": "",
    "gateway_status": "none",
    "inventory_deducted": true
  }
},
{
  "model": "orders.orderitem",
  "pk": 5,
  "fields": {
    "order": 4,
    "product": 2,
    "quantity": 1,
    "price": "270000.00"
  }
},
{
  "model": "orders.orderitem",
  "pk": 6,
  "fields": {
    "order": 4,
    "product": 4,
    "quantity": 1,
    "price": "360000.00"
  }
},
{
  "model": "orders.orderitem",
  "pk": 7,
  "fields": {
    "order": 4,
    "product": 19,
    "quantity": 2,
    "price": "540000.00"
  }
},
{
  "model": "orders.orderitem",
  "pk": 8,
  "fields": {
    "order": 5,
    "product": 4,
    "quantity": 1,
    "price": "400000.00"
  }
},
{
  "model": "orders.orderitem",
  "pk": 9,
  "fields": {
    "order": 6,
    "product": 26,
    "quantity": 1,
    "price": "600000.00"
  }
},
{
  "model": "orders.orderitem",
  "pk": 10,
  "fields": {
    "order": 7,
    "product": 26,
    "quantity": 1,
    "price": "600000.00"
  }
},
{
  "model": "orders.orderitem",
  "pk": 11,
  "fields": {
    "order": 8,
    "product": 1,
    "quantity": 1,
    "price": "100000.00"
  }
},
{
  "model": "orders.orderitem",
  "pk": 12,
  "fields": {
    "order": 9,
    "product": 72,
    "quantity": 1,
    "price": "370000.00"
  }
},
{
  "model": "orders.orderitem",
  "pk": 13,
  "fields": {
    "order": 10,
    "product": 3,
    "quantity": 1,
    "price": "300000.00"
  }
},
{
  "model": "orders.orderitem",
  "pk": 14,
  "fields": {
    "order": 11,
    "product": 72,
    "quantity": 1,
    "price": "370000.00"
  }
},
{
  "model": "orders.orderitem",
  "pk": 15,
  "fields": {
    "order": 12,
    "product": 7,
    "quantity": 1,
    "price": "450000.00"
  }
},
{
  "model": "orders.orderitem",
  "pk": 16,
  "fields": {
    "order": 13,
    "product": 68,
    "quantity": 1,
    "price": "331500.00"
  }
},
{
  "model": "orders.orderitem",
  "pk": 17,
  "fields": {
    "order": 14,
    "product": 4,
    "quantity": 1,
    "price": "400000.00"
  }
},
{
  "model": "orders.orderitem",
  "pk": 18,
  "fields": {
    "order": 15,
    "product": 7,
    "quantity": 1,
    "price": "450000.00"
  }
},
{
  "model": "orders.shipping",
  "pk": 3,
  "fields": {
    "order": 4,
    "name": "Nguyễn Thư",
    "phone": "0123456789",
    "address": "fhd",
    "note": ""
  }
},
{
  "model": "orders.shipping",
  "pk": 4,
  "fields": {
    "order": 5,
    "name": "Nguyễn Thư",
    "phone": "0123456789",
    "address": "nhà, Thị trấn Chợ Mới, Huyện Chợ Mới, Tỉnh An Giang",
    "note": ""
  }
},
{
  "model": "orders.shipping",
  "pk": 5,
  "fields": {
    "order": 6,
    "name": "Nguyễn Thư",
    "phone": "0123456789",
    "address": "nhà, Xã Bình Thành, Huyện Thoại Sơn, Tỉnh An Giang",
    "note": ""
  }
},
{
  "model": "orders.shipping",
  "pk": 6,
  "fields": {
    "order": 7,
    "name": "Nguyễn Thư",
    "phone": "0123456789",
    "address": "NHÀ, Xã Vĩnh Khánh, Huyện Thoại Sơn, Tỉnh An Giang",
    "note": ""
  }
},
{
  "model": "orders.shipping",
  "pk": 7,
  "fields": {
    "order": 8,
    "name": "Nguyễn Thư",
    "phone": "0123456789",
    "address": "//, Phường Bình Đức, Thành phố Long Xuyên, Tỉnh An Giang",
    "note": ""
  }
},
{
  "model": "orders.shipping",
  "pk": 8,
  "fields": {
    "order": 9,
    "name": "Nguyễn Thư",
    "phone": "0123456789",
    "address": "12/12 đường số 3, Phường Phúc Xá, Quận Ba Đình, Thành phố Hà Nội",
    "note": ""
  }
},
{
  "model": "orders.shipping",
  "pk": 9,
  "fields": {
    "order": 10,
    "name": "Nguyễn Thư",
    "phone": "0123456789",
    "address": "12/12 đường số 3, Phường Hàng Bồ, Quận Hoàn Kiếm, Thành phố Hà Nội",
    "note": ""
  }
},
{
  "model": "orders.shipping",
  "pk": 10,
  "fields": {
    "order": 11,
    "name": "Nguyễn Sang",
    "phone": "0123456789",
    "address": "số nhà 70/11, Phường Phúc Xá, Quận Ba Đình, Thành phố Hà Nội",
    "note": ""
  }
},
{
  "model": "orders.shipping",
  "pk": 11,
  "fields": {
    "order": 12,
    "name": "Nguyễn Sang",
    "phone": "0123456789",
    "address": "12/23/1, Phường Phúc Xá, Quận Ba Đình, Thành phố Hà Nội",
    "note": ""
  }
},
{
  "model": "orders.shipping",
  "pk": 12,
  "fields": {
    "order": 13,
    "name": "Nguyễn Sang",
    "phone": "0123456789",
    "address": "14/24, Phường Phúc Xá, Quận Ba Đình, Thành phố Hà Nội",
    "note": ""
  }
},
{
  "model": "orders.shipping",
  "pk": 13,
  "fields": {
    "order": 14,
    "name": "Nguyễn Sang",
    "phone": "0123456789",
    "address": "24/17, Phường Phúc Xá, Quận Ba Đình, Thành phố Hà Nội",
    "note": ""
  }
},
{
  "model": "orders.shipping",
  "pk": 14,
  "fields": {
    "order": 15,
    "name": "Nguyễn Sang",
    "phone": "0123456789",
    "address": "13/39, Phường Phúc Xá, Quận Ba Đình, Thành phố Hà Nội",
    "note": ""
  }
},
{
  "model": "orders.returnrequest",
  "pk": 1,
  "fields": {
    "order": 10,
    "user": [
      "user02"
    ],
    "reason": "damaged",
    "description": "bị rách ở tay",
    "status": "completed",
    "admin_note": "",
    "created_at": "2026-04-17T12:52:24.925Z",
    "updated_at": "2026-04-17T12:53:05.393Z"
  }
},
{
  "model": "reviews.review",
  "pk": 1,
  "fields": {
    "user": [
      "user01"
    ],
    "product": 26,
    "rating": 5,
    "feedback_type": "price",
    "content": "",
    "is_visible": true,
    "created_at": "2026-04-16T18:24:08.314Z"
  }
},
{
  "model": "contact.contact",
  "pk": 5,
  "fields": {
    "name": "Nguyễn Sang",
    "email": "user01@gmail.com",
    "phone": "0123456789",
    "subject": "[return] Đổi trả & hoàn tiền",
    "message": "Không liên hệ hoàn trả được",
    "handled": false,
    "created_at": "2026-04-18T07:43:37.218Z"
  }
},
{
  "model": "contact.feedback",
  "pk": 1,
  "fields": {
    "user": [
      "user03"
    ],
    "message": "Sản phẩm còn nhiều lỗi, chỉ thừa một số chỗ",
    "handled": false,
    "created_at": "2026-04-04T07:56:08.338Z"
  }
},
{
  "model": "contact.feedback",
  "pk": 2,
  "fields": {
    "user": [
      "user02"
    ],
    "message": "Nên có chức năng chatbox",
    "handled": false,
    "created_at": "2026-04-04T08:00:38.586Z"
  }
},
{
  "model": "contact.feedback",
  "pk": 3,
  "fields": {
    "user": [
      "user01"
    ],
    "message": "Một số mẫu có hơi ít size",
    "handled": false,
    "created_at": "2026-04-04T08:01:53.050Z"
  }
},
{
  "model": "contact.policy",
  "pk": 1,
  "fields": {
    "title": "Chính sách mới",
    "content": "chính sách hỗ trợ khách hàng"
  }
},
{
  "model": "wishlist.wishlistitem",
  "pk": 1,
  "fields": {
    "user": [
      "user02"
    ],
    "product": 3,
    "created_at": "2026-04-04T07:03:37.812Z"
  }
},
{
  "model": "wishlist.wishlistitem",
  "pk": 2,
  "fields": {
    "user": [
      "gg"
    ],
    "product": 6,
    "created_at": "2026-04-16T19:04:11.439Z"
  }
},
{
  "model": "wishlist.wishlistitem",
  "pk": 3,
  "fields": {
    "user": [
      "gg"
    ],
    "product": 5,
    "created_at": "2026-04-16T19:04:12.818Z"
  }
},
{
  "model": "wishlist.wishlistitem",
  "pk": 5,
  "fields": {
    "user": [
      "user02"
    ],
    "product": 16,
    "created_at": "2026-04-18T07:19:29.628Z"
  }
},
{
  "model": "wishlist.wishlistitem",
  "pk": 6,
  "fields": {
    "user": [
      "user02"
    ],
    "product": 15,
    "created_at": "2026-04-18T07:19:33.459Z"
  }
},
{
  "model": "wishlist.wishlistitem",
  "pk": 7,
  "fields": {
    "user": [
      "user02"
    ],
    "product": 13,
    "created_at": "2026-04-18T07:21:11.321Z"
  }
},
{
  "model": "admin.logentry",
  "pk": 1,
  "fields": {
    "action_time": "2026-03-27T09:59:40.013Z",
    "user": [
      "admin"
    ],
    "content_type": [
      "auth",
      "user"
    ],
    "object_id": "2",
    "object_repr": "user01",
    "action_flag": 1,
    "change_message": "[{\"added\": {}}]"
  }
},
{
  "model": "admin.logentry",
  "pk": 2,
  "fields": {
    "action_time": "2026-03-30T11:02:36.166Z",
    "user": [
      "admin"
    ],
    "content_type": [
      "products",
      "category"
    ],
    "object_id": "1",
    "object_repr": "áo thun",
    "action_flag": 1,
    "change_message": "[{\"added\": {}}]"
  }
},
{
  "model": "admin.logentry",
  "pk": 3,
  "fields": {
    "action_time": "2026-03-30T11:03:26.465Z",
    "user": [
      "admin"
    ],
    "content_type": [
      "products",
      "product"
    ],
    "object_id": "1",
    "object_repr": "Áo Thun",
    "action_flag": 1,
    "change_message": "[{\"added\": {}}, {\"added\": {\"name\": \"product image\", \"object\": \"\\u00c1o Thun\"}}]"
  }
},
{
  "model": "admin.logentry",
  "pk": 4,
  "fields": {
    "action_time": "2026-03-30T11:03:37.135Z",
    "user": [
      "admin"
    ],
    "content_type": [
      "products",
      "size"
    ],
    "object_id": "1",
    "object_repr": "X",
    "action_flag": 1,
    "change_message": "[{\"added\": {}}]"
  }
},
{
  "model": "admin.logentry",
  "pk": 5,
  "fields": {
    "action_time": "2026-03-30T11:03:39.014Z",
    "user": [
      "admin"
    ],
    "content_type": [
      "products",
      "size"
    ],
    "object_id": "2",
    "object_repr": "XS",
    "action_flag": 1,
    "change_message": "[{\"added\": {}}]"
  }
},
{
  "model": "admin.logentry",
  "pk": 6,
  "fields": {
    "action_time": "2026-03-30T11:03:41.306Z",
    "user": [
      "admin"
    ],
    "content_type": [
      "products",
      "size"
    ],
    "object_id": "3",
    "object_repr": "M",
    "action_flag": 1,
    "change_message": "[{\"added\": {}}]"
  }
},
{
  "model": "admin.logentry",
  "pk": 7,
  "fields": {
    "action_time": "2026-03-30T11:03:44.106Z",
    "user": [
      "admin"
    ],
    "content_type": [
      "products",
      "size"
    ],
    "object_id": "4",
    "object_repr": "L",
    "action_flag": 1,
    "change_message": "[{\"added\": {}}]"
  }
},
{
  "model": "admin.logentry",
  "pk": 8,
  "fields": {
    "action_time": "2026-03-30T11:03:47.300Z",
    "user": [
      "admin"
    ],
    "content_type": [
      "products",
      "size"
    ],
    "object_id": "5",
    "object_repr": "XL",
    "action_flag": 1,
    "change_message": "[{\"added\": {}}]"
  }
},
{
  "model": "admin.logentry",
  "pk": 9,
  "fields": {
    "action_time": "2026-03-30T11:03:49.268Z",
    "user": [
      "admin"
    ],
    "content_type": [
      "products",
      "size"
    ],
    "object_id": "6",
    "object_repr": "XXL",
    "action_flag": 1,
    "change_message": "[{\"added\": {}}]"
  }
},
{
  "model": "admin.logentry",
  "pk": 10,
  "fields": {
    "action_time": "2026-03-30T11:04:09.610Z",
    "user": [
      "admin"
    ],
    "content_type": [
      "products",
      "color"
    ],
    "object_id": "1",
    "object_repr": "Đen",
    "action_flag": 1,
    "change_message": "[{\"added\": {}}]"
  }
},
{
  "model": "admin.logentry",
  "pk": 11,
  "fields": {
    "action_time": "2026-03-30T11:04:49.195Z",
    "user": [
      "admin"
    ],
    "content_type": [
      "products",
      "promotion"
    ],
    "object_id": "1",
    "object_repr": "Falsh sale",
    "action_flag": 1,
    "change_message": "[{\"added\": {}}]"
  }
},
{
  "model": "admin.logentry",
  "pk": 12,
  "fields": {
    "action_time": "2026-03-30T11:05:23.011Z",
    "user": [
      "admin"
    ],
    "content_type": [
      "products",
      "product"
    ],
    "object_id": "1",
    "object_repr": "Áo Thun",
    "action_flag": 2,
    "change_message": "[{\"changed\": {\"fields\": [\"Promotion\"]}}, {\"added\": {\"name\": \"product variant\", \"object\": \"\\u00c1o Thun - \\u0110en - XS\"}}]"
  }
},
{
  "model": "admin.logentry",
  "pk": 13,
  "fields": {
    "action_time": "2026-03-30T11:05:37.743Z",
    "user": [
      "admin"
    ],
    "content_type": [
      "products",
      "product"
    ],
    "object_id": "1",
    "object_repr": "Áo Thun",
    "action_flag": 2,
    "change_message": "[{\"changed\": {\"name\": \"product variant\", \"object\": \"\\u00c1o Thun - \\u0110en - XS\", \"fields\": [\"Stock\"]}}]"
  }
},
{
  "model": "admin.logentry",
  "pk": 14,
  "fields": {
    "action_time": "2026-03-30T11:06:04.433Z",
    "user": [
      "admin"
    ],
    "content_type": [
      "products",
      "product"
    ],
    "object_id": "1",
    "object_repr": "Áo Thun",
    "action_flag": 2,
    "change_message": "[{\"changed\": {\"name\": \"product variant\", \"object\": \"\\u00c1o Thun - \\u0110en - XS\", \"fields\": [\"Stock\"]}}]"
  }
},
{
  "model": "admin.logentry",
  "pk": 15,
  "fields": {
    "action_time": "2026-04-02T16:42:55.705Z",
    "user": [
      "admin"
    ],
    "content_type": [
      "products",
      "product"
    ],
    "object_id": "1",
    "object_repr": "Áo Thun",
    "action_flag": 2,
    "change_message": "[{\"changed\": {\"name\": \"product image\", \"object\": \"\\u00c1o Thun\", \"fields\": [\"Image\"]}}]"
  }
},
{
  "model": "admin.logentry",
  "pk": 16,
  "fields": {
    "action_time": "2026-04-02T16:43:10.960Z",
    "user": [
      "admin"
    ],
    "content_type": [
      "products",
      "product"
    ],
    "object_id": "1",
    "object_repr": "Croptop",
    "action_flag": 2,
    "change_message": "[{\"changed\": {\"fields\": [\"Name\"]}}]"
  }
},
{
  "model": "admin.logentry",
  "pk": 17,
  "fields": {
    "action_time": "2026-04-02T16:43:55.468Z",
    "user": [
      "admin"
    ],
    "content_type": [
      "products",
      "product"
    ],
    "object_id": "1",
    "object_repr": "Croptop",
    "action_flag": 2,
    "change_message": "[{\"added\": {\"name\": \"product image\", \"object\": \"Croptop\"}}, {\"added\": {\"name\": \"product image\", \"object\": \"Croptop\"}}, {\"added\": {\"name\": \"product image\", \"object\": \"Croptop\"}}, {\"added\": {\"name\": \"product image\", \"object\": \"Croptop\"}}, {\"added\": {\"name\": \"product image\", \"object\": \"Croptop\"}}, {\"added\": {\"name\": \"product image\", \"object\": \"Croptop\"}}, {\"added\": {\"name\": \"product image\", \"object\": \"Croptop\"}}, {\"added\": {\"name\": \"product image\", \"object\": \"Croptop\"}}, {\"added\": {\"name\": \"product image\", \"object\": \"Croptop\"}}]"
  }
},
{
  "model": "admin.logentry",
  "pk": 18,
  "fields": {
    "action_time": "2026-04-02T16:44:37.742Z",
    "user": [
      "admin"
    ],
    "content_type": [
      "products",
      "category"
    ],
    "object_id": "1",
    "object_repr": "Áo",
    "action_flag": 2,
    "change_message": "[{\"changed\": {\"fields\": [\"Name\"]}}]"
  }
},
{
  "model": "admin.logentry",
  "pk": 19,
  "fields": {
    "action_time": "2026-04-02T16:46:17.222Z",
    "user": [
      "admin"
    ],
    "content_type": [
      "products",
      "product"
    ],
    "object_id": "2",
    "object_repr": "Hoodie",
    "action_flag": 1,
    "change_message": "[{\"added\": {}}, {\"added\": {\"name\": \"product image\", \"object\": \"Hoodie\"}}, {\"added\": {\"name\": \"product image\", \"object\": \"Hoodie\"}}, {\"added\": {\"name\": \"product image\", \"object\": \"Hoodie\"}}, {\"added\": {\"name\": \"product image\", \"object\": \"Hoodie\"}}, {\"added\": {\"name\": \"product image\", \"object\": \"Hoodie\"}}, {\"added\": {\"name\": \"product image\", \"object\": \"Hoodie\"}}, {\"added\": {\"name\": \"product image\", \"object\": \"Hoodie\"}}, {\"added\": {\"name\": \"product image\", \"object\": \"Hoodie\"}}, {\"added\": {\"name\": \"product variant\", \"object\": \"Hoodie - \\u0110en - XS\"}}]"
  }
},
{
  "model": "admin.logentry",
  "pk": 20,
  "fields": {
    "action_time": "2026-04-02T16:47:47.231Z",
    "user": [
      "admin"
    ],
    "content_type": [
      "products",
      "product"
    ],
    "object_id": "3",
    "object_repr": "Thun 1",
    "action_flag": 1,
    "change_message": "[{\"added\": {}}, {\"added\": {\"name\": \"product image\", \"object\": \"Thun 1\"}}, {\"added\": {\"name\": \"product image\", \"object\": \"Thun 1\"}}, {\"added\": {\"name\": \"product image\", \"object\": \"Thun 1\"}}, {\"added\": {\"name\": \"product image\", \"object\": \"Thun 1\"}}, {\"added\": {\"name\": \"product image\", \"object\": \"Thun 1\"}}, {\"added\": {\"name\": \"product image\", \"object\": \"Thun 1\"}}, {\"added\": {\"name\": \"product image\", \"object\": \"Thun 1\"}}, {\"added\": {\"name\": \"product image\", \"object\": \"Thun 1\"}}, {\"added\": {\"name\": \"product image\", \"object\": \"Thun 1\"}}, {\"added\": {\"name\": \"product variant\", \"object\": \"Thun 1 - \\u0110en - XL\"}}]"
  }
},
{
  "model": "admin.logentry",
  "pk": 21,
  "fields": {
    "action_time": "2026-04-02T16:49:21.120Z",
    "user": [
      "admin"
    ],
    "content_type": [
      "products",
      "color"
    ],
    "object_id": "2",
    "object_repr": "Xám nâu",
    "action_flag": 1,
    "change_message": "[{\"added\": {}}]"
  }
},
{
  "model": "admin.logentry",
  "pk": 22,
  "fields": {
    "action_time": "2026-04-02T16:49:46.127Z",
    "user": [
      "admin"
    ],
    "content_type": [
      "products",
      "product"
    ],
    "object_id": "4",
    "object_repr": "Thun 2",
    "action_flag": 1,
    "change_message": "[{\"added\": {}}, {\"added\": {\"name\": \"product variant\", \"object\": \"Thun 2 - X\\u00e1m n\\u00e2u - M\"}}, {\"added\": {\"name\": \"product variant\", \"object\": \"Thun 2 - \\u0110en - XS\"}}]"
  }
},
{
  "model": "admin.logentry",
  "pk": 23,
  "fields": {
    "action_time": "2026-04-02T16:49:54.577Z",
    "user": [
      "admin"
    ],
    "content_type": [
      "products",
      "product"
    ],
    "object_id": "3",
    "object_repr": "Polo",
    "action_flag": 2,
    "change_message": "[{\"changed\": {\"fields\": [\"Name\"]}}]"
  }
},
{
  "model": "admin.logentry",
  "pk": 24,
  "fields": {
    "action_time": "2026-04-02T16:50:06.064Z",
    "user": [
      "admin"
    ],
    "content_type": [
      "products",
      "product"
    ],
    "object_id": "4",
    "object_repr": "Tanktop",
    "action_flag": 2,
    "change_message": "[{\"changed\": {\"fields\": [\"Name\"]}}]"
  }
},
{
  "model": "admin.logentry",
  "pk": 25,
  "fields": {
    "action_time": "2026-04-02T16:50:54.197Z",
    "user": [
      "admin"
    ],
    "content_type": [
      "products",
      "promotion"
    ],
    "object_id": "2",
    "object_repr": "Siêu sale",
    "action_flag": 1,
    "change_message": "[{\"added\": {}}]"
  }
},
{
  "model": "admin.logentry",
  "pk": 26,
  "fields": {
    "action_time": "2026-04-02T16:52:26.672Z",
    "user": [
      "admin"
    ],
    "content_type": [
      "products",
      "color"
    ],
    "object_id": "3",
    "object_repr": "Trắng",
    "action_flag": 1,
    "change_message": "[{\"added\": {}}]"
  }
},
{
  "model": "admin.logentry",
  "pk": 27,
  "fields": {
    "action_time": "2026-04-02T16:52:48.794Z",
    "user": [
      "admin"
    ],
    "content_type": [
      "products",
      "size"
    ],
    "object_id": "1",
    "object_repr": "S",
    "action_flag": 2,
    "change_message": "[{\"changed\": {\"fields\": [\"Name\"]}}]"
  }
},
{
  "model": "admin.logentry",
  "pk": 28,
  "fields": {
    "action_time": "2026-04-02T16:52:59.880Z",
    "user": [
      "admin"
    ],
    "content_type": [
      "products",
      "product"
    ],
    "object_id": "5",
    "object_repr": "Thun",
    "action_flag": 1,
    "change_message": "[{\"added\": {}}, {\"added\": {\"name\": \"product image\", \"object\": \"Thun\"}}, {\"added\": {\"name\": \"product image\", \"object\": \"Thun\"}}, {\"added\": {\"name\": \"product image\", \"object\": \"Thun\"}}, {\"added\": {\"name\": \"product image\", \"object\": \"Thun\"}}, {\"added\": {\"name\": \"product image\", \"object\": \"Thun\"}}, {\"added\": {\"name\": \"product image\", \"object\": \"Thun\"}}, {\"added\": {\"name\": \"product image\", \"object\": \"Thun\"}}, {\"added\": {\"name\": \"product image\", \"object\": \"Thun\"}}, {\"added\": {\"name\": \"product image\", \"object\": \"Thun\"}}, {\"added\": {\"name\": \"product variant\", \"object\": \"Thun - Tr\\u1eafng - L\"}}, {\"added\": {\"name\": \"product variant\", \"object\": \"Thun - Tr\\u1eafng - M\"}}, {\"added\": {\"name\": \"product variant\", \"object\": \"Thun - Tr\\u1eafng - S\"}}, {\"added\": {\"name\": \"product variant\", \"object\": \"Thun - Tr\\u1eafng - XS\"}}]"
  }
},
{
  "model": "admin.logentry",
  "pk": 29,
  "fields": {
    "action_time": "2026-04-02T16:53:12.408Z",
    "user": [
      "admin"
    ],
    "content_type": [
      "products",
      "category"
    ],
    "object_id": "2",
    "object_repr": "Quần",
    "action_flag": 1,
    "change_message": "[{\"added\": {}}]"
  }
},
{
  "model": "admin.logentry",
  "pk": 30,
  "fields": {
    "action_time": "2026-04-02T16:56:11.670Z",
    "user": [
      "admin"
    ],
    "content_type": [
      "orders",
      "shipping"
    ],
    "object_id": "1",
    "object_repr": "Shipping object (1)",
    "action_flag": 2,
    "change_message": "[]"
  }
},
{
  "model": "admin.logentry",
  "pk": 31,
  "fields": {
    "action_time": "2026-04-02T17:11:23.925Z",
    "user": [
      "admin"
    ],
    "content_type": [
      "orders",
      "order"
    ],
    "object_id": "2",
    "object_repr": "Order 2",
    "action_flag": 1,
    "change_message": "[{\"added\": {}}]"
  }
},
{
  "model": "admin.logentry",
  "pk": 32,
  "fields": {
    "action_time": "2026-04-02T17:13:02.897Z",
    "user": [
      "admin"
    ],
    "content_type": [
      "products",
      "product"
    ],
    "object_id": "4",
    "object_repr": "Tanktop",
    "action_flag": 2,
    "change_message": "[{\"added\": {\"name\": \"product image\", \"object\": \"Tanktop\"}}, {\"added\": {\"name\": \"product image\", \"object\": \"Tanktop\"}}, {\"added\": {\"name\": \"product image\", \"object\": \"Tanktop\"}}, {\"added\": {\"name\": \"product image\", \"object\": \"Tanktop\"}}, {\"added\": {\"name\": \"product image\", \"object\": \"Tanktop\"}}, {\"added\": {\"name\": \"product image\", \"object\": \"Tanktop\"}}, {\"added\": {\"name\": \"product image\", \"object\": \"Tanktop\"}}]"
  }
},
{
  "model": "admin.logentry",
  "pk": 33,
  "fields": {
    "action_time": "2026-04-02T17:17:55.927Z",
    "user": [
      "admin"
    ],
    "content_type": [
      "products",
      "category"
    ],
    "object_id": "1",
    "object_repr": "Áo thun",
    "action_flag": 2,
    "change_message": "[{\"changed\": {\"fields\": [\"Name\"]}}]"
  }
},
{
  "model": "admin.logentry",
  "pk": 34,
  "fields": {
    "action_time": "2026-04-02T17:17:59.986Z",
    "user": [
      "admin"
    ],
    "content_type": [
      "products",
      "product"
    ],
    "object_id": "5",
    "object_repr": "Thun",
    "action_flag": 2,
    "change_message": "[]"
  }
},
{
  "model": "admin.logentry",
  "pk": 35,
  "fields": {
    "action_time": "2026-04-02T17:18:10.132Z",
    "user": [
      "admin"
    ],
    "content_type": [
      "products",
      "category"
    ],
    "object_id": "3",
    "object_repr": "Áo tanktop",
    "action_flag": 1,
    "change_message": "[{\"added\": {}}]"
  }
},
{
  "model": "admin.logentry",
  "pk": 36,
  "fields": {
    "action_time": "2026-04-02T17:18:12.976Z",
    "user": [
      "admin"
    ],
    "content_type": [
      "products",
      "product"
    ],
    "object_id": "4",
    "object_repr": "Tanktop",
    "action_flag": 2,
    "change_message": "[{\"changed\": {\"fields\": [\"Category\"]}}]"
  }
},
{
  "model": "admin.logentry",
  "pk": 37,
  "fields": {
    "action_time": "2026-04-02T17:18:23.743Z",
    "user": [
      "admin"
    ],
    "content_type": [
      "products",
      "category"
    ],
    "object_id": "4",
    "object_repr": "Áo polo",
    "action_flag": 1,
    "change_message": "[{\"added\": {}}]"
  }
},
{
  "model": "admin.logentry",
  "pk": 38,
  "fields": {
    "action_time": "2026-04-02T17:18:26.477Z",
    "user": [
      "admin"
    ],
    "content_type": [
      "products",
      "product"
    ],
    "object_id": "3",
    "object_repr": "Polo",
    "action_flag": 2,
    "change_message": "[{\"changed\": {\"fields\": [\"Category\"]}}]"
  }
},
{
  "model": "admin.logentry",
  "pk": 39,
  "fields": {
    "action_time": "2026-04-02T17:18:42.597Z",
    "user": [
      "admin"
    ],
    "content_type": [
      "products",
      "category"
    ],
    "object_id": "5",
    "object_repr": "Áo hoodie",
    "action_flag": 1,
    "change_message": "[{\"added\": {}}]"
  }
},
{
  "model": "admin.logentry",
  "pk": 40,
  "fields": {
    "action_time": "2026-04-02T17:18:46.646Z",
    "user": [
      "admin"
    ],
    "content_type": [
      "products",
      "product"
    ],
    "object_id": "2",
    "object_repr": "Hoodie",
    "action_flag": 2,
    "change_message": "[{\"changed\": {\"fields\": [\"Category\"]}}]"
  }
},
{
  "model": "admin.logentry",
  "pk": 41,
  "fields": {
    "action_time": "2026-04-02T17:18:58.502Z",
    "user": [
      "admin"
    ],
    "content_type": [
      "products",
      "category"
    ],
    "object_id": "6",
    "object_repr": "Áo Croptop",
    "action_flag": 1,
    "change_message": "[{\"added\": {}}]"
  }
},
{
  "model": "admin.logentry",
  "pk": 42,
  "fields": {
    "action_time": "2026-04-02T17:19:01.177Z",
    "user": [
      "admin"
    ],
    "content_type": [
      "products",
      "product"
    ],
    "object_id": "1",
    "object_repr": "Croptop",
    "action_flag": 2,
    "change_message": "[{\"changed\": {\"fields\": [\"Category\"]}}]"
  }
},
{
  "model": "admin.logentry",
  "pk": 43,
  "fields": {
    "action_time": "2026-04-02T17:40:38.334Z",
    "user": [
      "admin"
    ],
    "content_type": [
      "products",
      "category"
    ],
    "object_id": "6",
    "object_repr": "Áo Croptop",
    "action_flag": 2,
    "change_message": "[{\"changed\": {\"fields\": [\"Image\"]}}]"
  }
},
{
  "model": "admin.logentry",
  "pk": 44,
  "fields": {
    "action_time": "2026-04-02T17:41:06.130Z",
    "user": [
      "admin"
    ],
    "content_type": [
      "products",
      "category"
    ],
    "object_id": "5",
    "object_repr": "Áo hoodie",
    "action_flag": 2,
    "change_message": "[{\"changed\": {\"fields\": [\"Image\"]}}]"
  }
},
{
  "model": "admin.logentry",
  "pk": 45,
  "fields": {
    "action_time": "2026-04-02T17:41:58.173Z",
    "user": [
      "admin"
    ],
    "content_type": [
      "products",
      "category"
    ],
    "object_id": "4",
    "object_repr": "Áo polo",
    "action_flag": 2,
    "change_message": "[{\"changed\": {\"fields\": [\"Image\"]}}]"
  }
},
{
  "model": "admin.logentry",
  "pk": 46,
  "fields": {
    "action_time": "2026-04-02T17:42:26.041Z",
    "user": [
      "admin"
    ],
    "content_type": [
      "products",
      "category"
    ],
    "object_id": "3",
    "object_repr": "Áo tanktop",
    "action_flag": 2,
    "change_message": "[{\"changed\": {\"fields\": [\"Image\"]}}]"
  }
},
{
  "model": "admin.logentry",
  "pk": 47,
  "fields": {
    "action_time": "2026-04-02T17:42:36.493Z",
    "user": [
      "admin"
    ],
    "content_type": [
      "products",
      "category"
    ],
    "object_id": "2",
    "object_repr": "Quần",
    "action_flag": 2,
    "change_message": "[{\"changed\": {\"fields\": [\"Image\"]}}]"
  }
},
{
  "model": "admin.logentry",
  "pk": 48,
  "fields": {
    "action_time": "2026-04-02T17:42:56.478Z",
    "user": [
      "admin"
    ],
    "content_type": [
      "products",
      "category"
    ],
    "object_id": "1",
    "object_repr": "Áo thun",
    "action_flag": 2,
    "change_message": "[{\"changed\": {\"fields\": [\"Image\"]}}]"
  }
},
{
  "model": "admin.logentry",
  "pk": 49,
  "fields": {
    "action_time": "2026-04-02T17:48:09.734Z",
    "user": [
      "admin"
    ],
    "content_type": [
      "products",
      "product"
    ],
    "object_id": "2",
    "object_repr": "Hoodie",
    "action_flag": 2,
    "change_message": "[{\"changed\": {\"fields\": [\"Promotion\"]}}]"
  }
},
{
  "model": "admin.logentry",
  "pk": 50,
  "fields": {
    "action_time": "2026-04-02T18:22:24.179Z",
    "user": [
      "admin"
    ],
    "content_type": [
      "products",
      "color"
    ],
    "object_id": "3",
    "object_repr": "Trắng",
    "action_flag": 2,
    "change_message": "[{\"changed\": {\"fields\": [\"Code\"]}}]"
  }
},
{
  "model": "admin.logentry",
  "pk": 51,
  "fields": {
    "action_time": "2026-04-02T18:22:56.660Z",
    "user": [
      "admin"
    ],
    "content_type": [
      "products",
      "color"
    ],
    "object_id": "3",
    "object_repr": "Trắng",
    "action_flag": 2,
    "change_message": "[{\"changed\": {\"fields\": [\"Code\"]}}]"
  }
},
{
  "model": "admin.logentry",
  "pk": 52,
  "fields": {
    "action_time": "2026-04-02T18:23:59.837Z",
    "user": [
      "admin"
    ],
    "content_type": [
      "products",
      "color"
    ],
    "object_id": "4",
    "object_repr": "xanh",
    "action_flag": 1,
    "change_message": "[{\"added\": {}}]"
  }
},
{
  "model": "admin.logentry",
  "pk": 53,
  "fields": {
    "action_time": "2026-04-02T18:24:05.286Z",
    "user": [
      "admin"
    ],
    "content_type": [
      "products",
      "product"
    ],
    "object_id": "4",
    "object_repr": "Tanktop",
    "action_flag": 2,
    "change_message": "[{\"added\": {\"name\": \"product variant\", \"object\": \"Tanktop - xanh - S\"}}]"
  }
},
{
  "model": "admin.logentry",
  "pk": 54,
  "fields": {
    "action_time": "2026-04-02T18:24:23.034Z",
    "user": [
      "admin"
    ],
    "content_type": [
      "products",
      "color"
    ],
    "object_id": "4",
    "object_repr": "xanh",
    "action_flag": 2,
    "change_message": "[{\"changed\": {\"fields\": [\"Code\"]}}]"
  }
},
{
  "model": "admin.logentry",
  "pk": 55,
  "fields": {
    "action_time": "2026-04-02T18:24:39.325Z",
    "user": [
      "admin"
    ],
    "content_type": [
      "products",
      "color"
    ],
    "object_id": "1",
    "object_repr": "Đen",
    "action_flag": 2,
    "change_message": "[{\"changed\": {\"fields\": [\"Code\"]}}]"
  }
},
{
  "model": "admin.logentry",
  "pk": 56,
  "fields": {
    "action_time": "2026-04-02T18:25:02.570Z",
    "user": [
      "admin"
    ],
    "content_type": [
      "products",
      "color"
    ],
    "object_id": "2",
    "object_repr": "Xám nâu",
    "action_flag": 2,
    "change_message": "[{\"changed\": {\"fields\": [\"Code\"]}}]"
  }
},
{
  "model": "admin.logentry",
  "pk": 57,
  "fields": {
    "action_time": "2026-04-02T18:25:10.301Z",
    "user": [
      "admin"
    ],
    "content_type": [
      "products",
      "color"
    ],
    "object_id": "4",
    "object_repr": "Xanh",
    "action_flag": 2,
    "change_message": "[{\"changed\": {\"fields\": [\"Name\"]}}]"
  }
},
{
  "model": "admin.logentry",
  "pk": 58,
  "fields": {
    "action_time": "2026-04-02T18:25:22.726Z",
    "user": [
      "admin"
    ],
    "content_type": [
      "products",
      "color"
    ],
    "object_id": "3",
    "object_repr": "Trắng",
    "action_flag": 2,
    "change_message": "[{\"changed\": {\"fields\": [\"Code\"]}}]"
  }
},
{
  "model": "admin.logentry",
  "pk": 59,
  "fields": {
    "action_time": "2026-04-02T18:26:01.670Z",
    "user": [
      "admin"
    ],
    "content_type": [
      "products",
      "product"
    ],
    "object_id": "4",
    "object_repr": "Tanktop",
    "action_flag": 2,
    "change_message": "[{\"deleted\": {\"name\": \"product variant\", \"object\": \"Tanktop - \\u0110en - XS\"}}, {\"deleted\": {\"name\": \"product variant\", \"object\": \"Tanktop - Xanh - S\"}}]"
  }
},
{
  "model": "admin.logentry",
  "pk": 60,
  "fields": {
    "action_time": "2026-04-03T05:32:08.457Z",
    "user": [
      "admin"
    ],
    "content_type": [
      "auth",
      "user"
    ],
    "object_id": "3",
    "object_repr": "user02",
    "action_flag": 2,
    "change_message": "[{\"changed\": {\"fields\": [\"Staff status\"]}}]"
  }
},
{
  "model": "admin.logentry",
  "pk": 61,
  "fields": {
    "action_time": "2026-04-03T05:32:19.561Z",
    "user": [
      "admin"
    ],
    "content_type": [
      "auth",
      "user"
    ],
    "object_id": "3",
    "object_repr": "user02",
    "action_flag": 2,
    "change_message": "[{\"changed\": {\"fields\": [\"Staff status\"]}}]"
  }
},
{
  "model": "admin.logentry",
  "pk": 62,
  "fields": {
    "action_time": "2026-04-03T05:33:04.037Z",
    "user": [
      "admin"
    ],
    "content_type": [
      "auth",
      "user"
    ],
    "object_id": "3",
    "object_repr": "user02",
    "action_flag": 3,
    "change_message": ""
  }
},
{
  "model": "admin.logentry",
  "pk": 63,
  "fields": {
    "action_time": "2026-04-03T05:33:30.281Z",
    "user": [
      "admin"
    ],
    "content_type": [
      "auth",
      "user"
    ],
    "object_id": "5",
    "object_repr": "user02",
    "action_flag": 2,
    "change_message": "[{\"changed\": {\"fields\": [\"Staff status\"]}}]"
  }
},
{
  "model": "admin.logentry",
  "pk": 64,
  "fields": {
    "action_time": "2026-04-03T05:55:29.563Z",
    "user": [
      "admin"
    ],
    "content_type": [
      "contact",
      "contact"
    ],
    "object_id": "1",
    "object_repr": "Contact object (1)",
    "action_flag": 1,
    "change_message": "[{\"added\": {}}]"
  }
},
{
  "model": "admin.logentry",
  "pk": 65,
  "fields": {
    "action_time": "2026-04-03T06:54:08.429Z",
    "user": [
      "admin"
    ],
    "content_type": [
      "products",
      "category"
    ],
    "object_id": "2",
    "object_repr": "Quần jean",
    "action_flag": 2,
    "change_message": "[{\"changed\": {\"fields\": [\"Name\"]}}]"
  }
},
{
  "model": "admin.logentry",
  "pk": 66,
  "fields": {
    "action_time": "2026-04-03T06:54:34.504Z",
    "user": [
      "admin"
    ],
    "content_type": [
      "products",
      "category"
    ],
    "object_id": "7",
    "object_repr": "Quần short",
    "action_flag": 1,
    "change_message": "[{\"added\": {}}]"
  }
},
{
  "model": "admin.logentry",
  "pk": 67,
  "fields": {
    "action_time": "2026-04-03T06:58:13.056Z",
    "user": [
      "admin"
    ],
    "content_type": [
      "products",
      "product"
    ],
    "object_id": "1",
    "object_repr": "DCxRS Star 01 Football Jersey Croptop Black",
    "action_flag": 2,
    "change_message": "[{\"changed\": {\"fields\": [\"Name\"]}}]"
  }
},
{
  "model": "admin.logentry",
  "pk": 68,
  "fields": {
    "action_time": "2026-04-03T07:01:57.471Z",
    "user": [
      "admin"
    ],
    "content_type": [
      "products",
      "product"
    ],
    "object_id": "4",
    "object_repr": "DCxRS British Passport Washed Tank Top",
    "action_flag": 2,
    "change_message": "[{\"changed\": {\"fields\": [\"Name\"]}}]"
  }
},
{
  "model": "admin.logentry",
  "pk": 69,
  "fields": {
    "action_time": "2026-04-03T07:02:39.495Z",
    "user": [
      "admin"
    ],
    "content_type": [
      "products",
      "product"
    ],
    "object_id": "3",
    "object_repr": "DirtyCoins Striped Soccer Polo Jersey Black White",
    "action_flag": 2,
    "change_message": "[{\"changed\": {\"fields\": [\"Name\"]}}]"
  }
},
{
  "model": "admin.logentry",
  "pk": 70,
  "fields": {
    "action_time": "2026-04-03T07:06:22.174Z",
    "user": [
      "admin"
    ],
    "content_type": [
      "products",
      "product"
    ],
    "object_id": "6",
    "object_repr": "DCxRS Sheriff Patches Denim Pants Black",
    "action_flag": 1,
    "change_message": "[{\"added\": {}}, {\"added\": {\"name\": \"product image\", \"object\": \"DCxRS Sheriff Patches Denim Pants Black\"}}, {\"added\": {\"name\": \"product image\", \"object\": \"DCxRS Sheriff Patches Denim Pants Black\"}}, {\"added\": {\"name\": \"product image\", \"object\": \"DCxRS Sheriff Patches Denim Pants Black\"}}, {\"added\": {\"name\": \"product image\", \"object\": \"DCxRS Sheriff Patches Denim Pants Black\"}}, {\"added\": {\"name\": \"product image\", \"object\": \"DCxRS Sheriff Patches Denim Pants Black\"}}, {\"added\": {\"name\": \"product image\", \"object\": \"DCxRS Sheriff Patches Denim Pants Black\"}}, {\"added\": {\"name\": \"product image\", \"object\": \"DCxRS Sheriff Patches Denim Pants Black\"}}, {\"added\": {\"name\": \"product image\", \"object\": \"DCxRS Sheriff Patches Denim Pants Black\"}}, {\"added\": {\"name\": \"product image\", \"object\": \"DCxRS Sheriff Patches Denim Pants Black\"}}, {\"added\": {\"name\": \"product variant\", \"object\": \"DCxRS Sheriff Patches Denim Pants Black - \\u0110en - XS\"}}, {\"added\": {\"name\": \"product variant\", \"object\": \"DCxRS Sheriff Patches Denim Pants Black - \\u0110en - M\"}}, {\"added\": {\"name\": \"product variant\", \"object\": \"DCxRS Sheriff Patches Denim Pants Black - \\u0110en - L\"}}, {\"added\": {\"name\": \"product variant\", \"object\": \"DCxRS Sheriff Patches Denim Pants Black - \\u0110en - XL\"}}, {\"added\": {\"name\": \"product variant\", \"object\": \"DCxRS Sheriff Patches Denim Pants Black - \\u0110en - XXL\"}}, {\"added\": {\"name\": \"product variant\", \"object\": \"DCxRS Sheriff Patches Denim Pants Black - \\u0110en - S\"}}]"
  }
},
{
  "model": "admin.logentry",
  "pk": 71,
  "fields": {
    "action_time": "2026-04-03T07:12:05.302Z",
    "user": [
      "admin"
    ],
    "content_type": [
      "products",
      "product"
    ],
    "object_id": "7",
    "object_repr": "Previous Next DCxRS Logo Embroidery Raw Denim Pant",
    "action_flag": 1,
    "change_message": "[{\"added\": {}}, {\"added\": {\"name\": \"product image\", \"object\": \"Previous Next DCxRS Logo Embroidery Raw Denim Pant\"}}, {\"added\": {\"name\": \"product image\", \"object\": \"Previous Next DCxRS Logo Embroidery Raw Denim Pant\"}}, {\"added\": {\"name\": \"product image\", \"object\": \"Previous Next DCxRS Logo Embroidery Raw Denim Pant\"}}, {\"added\": {\"name\": \"product image\", \"object\": \"Previous Next DCxRS Logo Embroidery Raw Denim Pant\"}}, {\"added\": {\"name\": \"product image\", \"object\": \"Previous Next DCxRS Logo Embroidery Raw Denim Pant\"}}, {\"added\": {\"name\": \"product image\", \"object\": \"Previous Next DCxRS Logo Embroidery Raw Denim Pant\"}}, {\"added\": {\"name\": \"product image\", \"object\": \"Previous Next DCxRS Logo Embroidery Raw Denim Pant\"}}, {\"added\": {\"name\": \"product image\", \"object\": \"Previous Next DCxRS Logo Embroidery Raw Denim Pant\"}}, {\"added\": {\"name\": \"product image\", \"object\": \"Previous Next DCxRS Logo Embroidery Raw Denim Pant\"}}, {\"added\": {\"name\": \"product variant\", \"object\": \"Previous Next DCxRS Logo Embroidery Raw Denim Pant - Xanh - XS\"}}, {\"added\": {\"name\": \"product variant\", \"object\": \"Previous Next DCxRS Logo Embroidery Raw Denim Pant - Xanh - M\"}}, {\"added\": {\"name\": \"product variant\", \"object\": \"Previous Next DCxRS Logo Embroidery Raw Denim Pant - Xanh - L\"}}, {\"added\": {\"name\": \"product variant\", \"object\": \"Previous Next DCxRS Logo Embroidery Raw Denim Pant - Xanh - XL\"}}, {\"added\": {\"name\": \"product variant\", \"object\": \"Previous Next DCxRS Logo Embroidery Raw Denim Pant - Xanh - XXL\"}}, {\"added\": {\"name\": \"product variant\", \"object\": \"Previous Next DCxRS Logo Embroidery Raw Denim Pant - Xanh - S\"}}]"
  }
},
{
  "model": "admin.logentry",
  "pk": 72,
  "fields": {
    "action_time": "2026-04-03T07:14:08.582Z",
    "user": [
      "admin"
    ],
    "content_type": [
      "products",
      "color"
    ],
    "object_id": "4",
    "object_repr": "Xanh đen",
    "action_flag": 2,
    "change_message": "[{\"changed\": {\"fields\": [\"Name\", \"Code\"]}}]"
  }
},
{
  "model": "admin.logentry",
  "pk": 73,
  "fields": {
    "action_time": "2026-04-03T07:14:29.833Z",
    "user": [
      "admin"
    ],
    "content_type": [
      "products",
      "color"
    ],
    "object_id": "4",
    "object_repr": "Xanh đen",
    "action_flag": 2,
    "change_message": "[{\"changed\": {\"fields\": [\"Code\"]}}]"
  }
},
{
  "model": "admin.logentry",
  "pk": 74,
  "fields": {
    "action_time": "2026-04-03T07:15:14.765Z",
    "user": [
      "admin"
    ],
    "content_type": [
      "products",
      "product"
    ],
    "object_id": "7",
    "object_repr": "Previous Next DCxRS Logo Embroidery Raw Denim Pant",
    "action_flag": 2,
    "change_message": "[{\"changed\": {\"name\": \"product variant\", \"object\": \"Previous Next DCxRS Logo Embroidery Raw Denim Pant - Xanh \\u0111en - S\", \"fields\": [\"Size\"]}}, {\"deleted\": {\"name\": \"product variant\", \"object\": \"Previous Next DCxRS Logo Embroidery Raw Denim Pant - Xanh \\u0111en - S\"}}]"
  }
},
{
  "model": "admin.logentry",
  "pk": 75,
  "fields": {
    "action_time": "2026-04-03T07:15:37.853Z",
    "user": [
      "admin"
    ],
    "content_type": [
      "products",
      "product"
    ],
    "object_id": "6",
    "object_repr": "DCxRS Sheriff Patches Denim Pants Black",
    "action_flag": 2,
    "change_message": "[{\"changed\": {\"name\": \"product variant\", \"object\": \"DCxRS Sheriff Patches Denim Pants Black - \\u0110en - S\", \"fields\": [\"Stock\"]}}]"
  }
},
{
  "model": "admin.logentry",
  "pk": 76,
  "fields": {
    "action_time": "2026-04-03T07:15:58.113Z",
    "user": [
      "admin"
    ],
    "content_type": [
      "products",
      "product"
    ],
    "object_id": "7",
    "object_repr": "Previous Next DCxRS Logo Embroidery Raw Denim Pant",
    "action_flag": 2,
    "change_message": "[]"
  }
},
{
  "model": "admin.logentry",
  "pk": 77,
  "fields": {
    "action_time": "2026-04-03T07:16:54.631Z",
    "user": [
      "admin"
    ],
    "content_type": [
      "products",
      "size"
    ],
    "object_id": "1",
    "object_repr": "XXL",
    "action_flag": 2,
    "change_message": "[{\"changed\": {\"fields\": [\"Name\"]}}]"
  }
},
{
  "model": "admin.logentry",
  "pk": 78,
  "fields": {
    "action_time": "2026-04-03T07:17:06.709Z",
    "user": [
      "admin"
    ],
    "content_type": [
      "products",
      "size"
    ],
    "object_id": "3",
    "object_repr": "S",
    "action_flag": 2,
    "change_message": "[{\"changed\": {\"fields\": [\"Name\"]}}]"
  }
},
{
  "model": "admin.logentry",
  "pk": 79,
  "fields": {
    "action_time": "2026-04-03T07:17:10.436Z",
    "user": [
      "admin"
    ],
    "content_type": [
      "products",
      "size"
    ],
    "object_id": "4",
    "object_repr": "M",
    "action_flag": 2,
    "change_message": "[{\"changed\": {\"fields\": [\"Name\"]}}]"
  }
},
{
  "model": "admin.logentry",
  "pk": 80,
  "fields": {
    "action_time": "2026-04-03T07:17:14.323Z",
    "user": [
      "admin"
    ],
    "content_type": [
      "products",
      "size"
    ],
    "object_id": "5",
    "object_repr": "L",
    "action_flag": 2,
    "change_message": "[{\"changed\": {\"fields\": [\"Name\"]}}]"
  }
},
{
  "model": "admin.logentry",
  "pk": 81,
  "fields": {
    "action_time": "2026-04-03T07:17:20.541Z",
    "user": [
      "admin"
    ],
    "content_type": [
      "products",
      "size"
    ],
    "object_id": "6",
    "object_repr": "XL",
    "action_flag": 2,
    "change_message": "[{\"changed\": {\"fields\": [\"Name\"]}}]"
  }
},
{
  "model": "admin.logentry",
  "pk": 82,
  "fields": {
    "action_time": "2026-04-03T07:17:51.993Z",
    "user": [
      "admin"
    ],
    "content_type": [
      "products",
      "size"
    ],
    "object_id": "1",
    "object_repr": "XS",
    "action_flag": 2,
    "change_message": "[{\"changed\": {\"fields\": [\"Name\"]}}]"
  }
},
{
  "model": "admin.logentry",
  "pk": 83,
  "fields": {
    "action_time": "2026-04-03T07:18:07.918Z",
    "user": [
      "admin"
    ],
    "content_type": [
      "products",
      "size"
    ],
    "object_id": "2",
    "object_repr": "S",
    "action_flag": 2,
    "change_message": "[{\"changed\": {\"fields\": [\"Name\"]}}]"
  }
},
{
  "model": "admin.logentry",
  "pk": 84,
  "fields": {
    "action_time": "2026-04-03T07:18:12.680Z",
    "user": [
      "admin"
    ],
    "content_type": [
      "products",
      "size"
    ],
    "object_id": "3",
    "object_repr": "M",
    "action_flag": 2,
    "change_message": "[{\"changed\": {\"fields\": [\"Name\"]}}]"
  }
},
{
  "model": "admin.logentry",
  "pk": 85,
  "fields": {
    "action_time": "2026-04-03T07:18:16.336Z",
    "user": [
      "admin"
    ],
    "content_type": [
      "products",
      "size"
    ],
    "object_id": "4",
    "object_repr": "L",
    "action_flag": 2,
    "change_message": "[{\"changed\": {\"fields\": [\"Name\"]}}]"
  }
},
{
  "model": "admin.logentry",
  "pk": 86,
  "fields": {
    "action_time": "2026-04-03T07:18:21.252Z",
    "user": [
      "admin"
    ],
    "content_type": [
      "products",
      "size"
    ],
    "object_id": "5",
    "object_repr": "XL",
    "action_flag": 2,
    "change_message": "[{\"changed\": {\"fields\": [\"Name\"]}}]"
  }
},
{
  "model": "admin.logentry",
  "pk": 87,
  "fields": {
    "action_time": "2026-04-03T07:18:26.196Z",
    "user": [
      "admin"
    ],
    "content_type": [
      "products",
      "size"
    ],
    "object_id": "6",
    "object_repr": "XXL",
    "action_flag": 2,
    "change_message": "[{\"changed\": {\"fields\": [\"Name\"]}}]"
  }
},
{
  "model": "admin.logentry",
  "pk": 88,
  "fields": {
    "action_time": "2026-04-03T08:13:37.534Z",
    "user": [
      "admin"
    ],
    "content_type": [
      "products",
      "product"
    ],
    "object_id": "7",
    "object_repr": "Previous Next DCxRS Logo Embroidery Raw Denim Pant",
    "action_flag": 2,
    "change_message": "[{\"changed\": {\"name\": \"product variant\", \"object\": \"Previous Next DCxRS Logo Embroidery Raw Denim Pant - Xanh \\u0111en - XS\", \"fields\": [\"Stock\"]}}]"
  }
},
{
  "model": "admin.logentry",
  "pk": 89,
  "fields": {
    "action_time": "2026-04-03T08:16:31.563Z",
    "user": [
      "admin"
    ],
    "content_type": [
      "products",
      "product"
    ],
    "object_id": "4",
    "object_repr": "DCxRS British Passport Washed Tank Top",
    "action_flag": 2,
    "change_message": "[{\"changed\": {\"fields\": [\"Description\"]}}, {\"added\": {\"name\": \"product variant\", \"object\": \"DCxRS British Passport Washed Tank Top - X\\u00e1m n\\u00e2u - L\"}}, {\"added\": {\"name\": \"product variant\", \"object\": \"DCxRS British Passport Washed Tank Top - X\\u00e1m n\\u00e2u - XL\"}}]"
  }
},
{
  "model": "admin.logentry",
  "pk": 90,
  "fields": {
    "action_time": "2026-04-03T09:50:11.556Z",
    "user": [
      "admin"
    ],
    "content_type": [
      "products",
      "product"
    ],
    "object_id": "4",
    "object_repr": "DCxRS British Passport Washed Tank Top",
    "action_flag": 2,
    "change_message": "[{\"changed\": {\"fields\": [\"Description\"]}}]"
  }
},
{
  "model": "admin.logentry",
  "pk": 91,
  "fields": {
    "action_time": "2026-04-09T12:36:10.639Z",
    "user": [
      "admin"
    ],
    "content_type": [
      "auth",
      "user"
    ],
    "object_id": "2",
    "object_repr": "user01",
    "action_flag": 2,
    "change_message": "[{\"changed\": {\"fields\": [\"password\"]}}]"
  }
},
{
  "model": "admin.logentry",
  "pk": 92,
  "fields": {
    "action_time": "2026-04-09T16:28:11.489Z",
    "user": [
      "admin"
    ],
    "content_type": [
      "accounts",
      "profile"
    ],
    "object_id": "5",
    "object_repr": "user02",
    "action_flag": 2,
    "change_message": "[]"
  }
},
{
  "model": "admin.logentry",
  "pk": 93,
  "fields": {
    "action_time": "2026-04-09T16:29:27.075Z",
    "user": [
      "admin"
    ],
    "content_type": [
      "accounts",
      "profile"
    ],
    "object_id": "2",
    "object_repr": "user01",
    "action_flag": 2,
    "change_message": "[{\"changed\": {\"fields\": [\"Phone\", \"Address\", \"Role\"]}}]"
  }
},
{
  "model": "admin.logentry",
  "pk": 94,
  "fields": {
    "action_time": "2026-04-10T15:36:21.548Z",
    "user": [
      "admin"
    ],
    "content_type": [
      "auth",
      "user"
    ],
    "object_id": "5",
    "object_repr": "user02",
    "action_flag": 2,
    "change_message": "[{\"changed\": {\"fields\": [\"Staff status\"]}}]"
  }
},
{
  "model": "admin.logentry",
  "pk": 95,
  "fields": {
    "action_time": "2026-04-16T11:39:48.050Z",
    "user": [
      "admin"
    ],
    "content_type": [
      "auth",
      "user"
    ],
    "object_id": "6",
    "object_repr": "ngthu848",
    "action_flag": 3,
    "change_message": ""
  }
},
{
  "model": "admin.logentry",
  "pk": 96,
  "fields": {
    "action_time": "2026-04-16T18:11:28.263Z",
    "user": [
      "admin"
    ],
    "content_type": [
      "accounts",
      "profile"
    ],
    "object_id": "1",
    "object_repr": "admin",
    "action_flag": 2,
    "change_message": "[{\"changed\": {\"fields\": [\"Phone\", \"Address\", \"Role\"]}}]"
  }
},
{
  "model": "admin.logentry",
  "pk": 97,
  "fields": {
    "action_time": "2026-04-16T18:12:02.445Z",
    "user": [
      "admin"
    ],
    "content_type": [
      "accounts",
      "profile"
    ],
    "object_id": "1",
    "object_repr": "admin",
    "action_flag": 2,
    "change_message": "[]"
  }
},
{
  "model": "admin.logentry",
  "pk": 98,
  "fields": {
    "action_time": "2026-04-16T18:12:25.521Z",
    "user": [
      "admin"
    ],
    "content_type": [
      "accounts",
      "profile"
    ],
    "object_id": "1",
    "object_repr": "admin",
    "action_flag": 2,
    "change_message": "[{\"changed\": {\"fields\": [\"Role\"]}}]"
  }
},
{
  "model": "admin.logentry",
  "pk": 99,
  "fields": {
    "action_time": "2026-04-16T18:26:38.094Z",
    "user": [
      "admin"
    ],
    "content_type": [
      "auth",
      "user"
    ],
    "object_id": "5",
    "object_repr": "user02",
    "action_flag": 2,
    "change_message": "[{\"changed\": {\"fields\": [\"First name\", \"Last name\"]}}]"
  }
},
{
  "model": "admin.logentry",
  "pk": 100,
  "fields": {
    "action_time": "2026-04-16T18:27:02.749Z",
    "user": [
      "admin"
    ],
    "content_type": [
      "auth",
      "user"
    ],
    "object_id": "2",
    "object_repr": "user01",
    "action_flag": 2,
    "change_message": "[{\"changed\": {\"fields\": [\"First name\", \"Last name\"]}}]"
  }
},
{
  "model": "admin.logentry",
  "pk": 101,
  "fields": {
    "action_time": "2026-04-16T18:27:20.456Z",
    "user": [
      "admin"
    ],
    "content_type": [
      "auth",
      "user"
    ],
    "object_id": "2",
    "object_repr": "user01",
    "action_flag": 2,
    "change_message": "[{\"changed\": {\"fields\": [\"Email address\"]}}]"
  }
},
{
  "model": "admin.logentry",
  "pk": 102,
  "fields": {
    "action_time": "2026-04-16T18:29:14.263Z",
    "user": [
      "admin"
    ],
    "content_type": [
      "accounts",
      "profile"
    ],
    "object_id": "2",
    "object_repr": "user01",
    "action_flag": 2,
    "change_message": "[{\"changed\": {\"fields\": [\"Birth date\"]}}]"
  }
},
{
  "model": "admin.logentry",
  "pk": 103,
  "fields": {
    "action_time": "2026-04-17T06:16:48.395Z",
    "user": [
      "admin"
    ],
    "content_type": [
      "accounts",
      "profile"
    ],
    "object_id": "2",
    "object_repr": "user01",
    "action_flag": 2,
    "change_message": "[{\"changed\": {\"fields\": [\"Role\"]}}]"
  }
},
{
  "model": "admin.logentry",
  "pk": 104,
  "fields": {
    "action_time": "2026-04-17T06:28:11.169Z",
    "user": [
      "admin"
    ],
    "content_type": [
      "accounts",
      "profile"
    ],
    "object_id": "8",
    "object_repr": "fb_2384267685405360",
    "action_flag": 2,
    "change_message": "[{\"changed\": {\"fields\": [\"Phone\", \"Address\"]}}]"
  }
},
{
  "model": "admin.logentry",
  "pk": 105,
  "fields": {
    "action_time": "2026-04-17T06:37:10.470Z",
    "user": [
      "admin"
    ],
    "content_type": [
      "accounts",
      "profile"
    ],
    "object_id": "8",
    "object_repr": "fb_2384267685405360",
    "action_flag": 2,
    "change_message": "[]"
  }
},
{
  "model": "admin.logentry",
  "pk": 106,
  "fields": {
    "action_time": "2026-04-17T10:24:30.489Z",
    "user": [
      "admin"
    ],
    "content_type": [
      "products",
      "product"
    ],
    "object_id": "7",
    "object_repr": "Previous Next DCxRS Logo Embroidery Raw Denim Pant",
    "action_flag": 2,
    "change_message": "[{\"changed\": {\"fields\": [\"Promotion\"]}}]"
  }
},
{
  "model": "admin.logentry",
  "pk": 107,
  "fields": {
    "action_time": "2026-04-17T11:26:10.143Z",
    "user": [
      "admin"
    ],
    "content_type": [
      "products",
      "product"
    ],
    "object_id": "5",
    "object_repr": "Desert Sky",
    "action_flag": 2,
    "change_message": "[{\"changed\": {\"fields\": [\"Name\", \"Description\"]}}]"
  }
},
{
  "model": "admin.logentry",
  "pk": 108,
  "fields": {
    "action_time": "2026-04-17T11:26:49.894Z",
    "user": [
      "admin"
    ],
    "content_type": [
      "products",
      "product"
    ],
    "object_id": "5",
    "object_repr": "Desert Sky",
    "action_flag": 2,
    "change_message": "[{\"deleted\": {\"name\": \"product variant\", \"object\": \"Desert Sky - Tr\\u1eafng - XS\"}}]"
  }
},
{
  "model": "admin.logentry",
  "pk": 109,
  "fields": {
    "action_time": "2026-04-17T11:27:18.086Z",
    "user": [
      "admin"
    ],
    "content_type": [
      "products",
      "product"
    ],
    "object_id": "5",
    "object_repr": "Desert Sky",
    "action_flag": 2,
    "change_message": "[{\"added\": {\"name\": \"product variant\", \"object\": \"Desert Sky - Tr\\u1eafng - XL\"}}, {\"changed\": {\"name\": \"product variant\", \"object\": \"Desert Sky - Tr\\u1eafng - L\", \"fields\": [\"Stock\"]}}, {\"changed\": {\"name\": \"product variant\", \"object\": \"Desert Sky - Tr\\u1eafng - M\", \"fields\": [\"Stock\"]}}, {\"changed\": {\"name\": \"product variant\", \"object\": \"Desert Sky - Tr\\u1eafng - S\", \"fields\": [\"Stock\"]}}]"
  }
},
{
  "model": "admin.logentry",
  "pk": 110,
  "fields": {
    "action_time": "2026-04-17T11:28:37.664Z",
    "user": [
      "admin"
    ],
    "content_type": [
      "products",
      "size"
    ],
    "object_id": "7",
    "object_repr": "26",
    "action_flag": 1,
    "change_message": "[{\"added\": {}}]"
  }
},
{
  "model": "admin.logentry",
  "pk": 111,
  "fields": {
    "action_time": "2026-04-17T11:28:47.662Z",
    "user": [
      "admin"
    ],
    "content_type": [
      "products",
      "size"
    ],
    "object_id": "8",
    "object_repr": "28",
    "action_flag": 1,
    "change_message": "[{\"added\": {}}]"
  }
},
{
  "model": "admin.logentry",
  "pk": 112,
  "fields": {
    "action_time": "2026-04-17T11:28:53.316Z",
    "user": [
      "admin"
    ],
    "content_type": [
      "products",
      "size"
    ],
    "object_id": "9",
    "object_repr": "30",
    "action_flag": 1,
    "change_message": "[{\"added\": {}}]"
  }
},
{
  "model": "admin.logentry",
  "pk": 113,
  "fields": {
    "action_time": "2026-04-17T11:28:56.974Z",
    "user": [
      "admin"
    ],
    "content_type": [
      "products",
      "size"
    ],
    "object_id": "10",
    "object_repr": "32",
    "action_flag": 1,
    "change_message": "[{\"added\": {}}]"
  }
},
{
  "model": "admin.logentry",
  "pk": 114,
  "fields": {
    "action_time": "2026-04-17T11:29:03.706Z",
    "user": [
      "admin"
    ],
    "content_type": [
      "products",
      "size"
    ],
    "object_id": "11",
    "object_repr": "34",
    "action_flag": 1,
    "change_message": "[{\"added\": {}}]"
  }
},
{
  "model": "admin.logentry",
  "pk": 115,
  "fields": {
    "action_time": "2026-04-17T11:29:08.309Z",
    "user": [
      "admin"
    ],
    "content_type": [
      "products",
      "size"
    ],
    "object_id": "12",
    "object_repr": "36",
    "action_flag": 1,
    "change_message": "[{\"added\": {}}]"
  }
},
{
  "model": "admin.logentry",
  "pk": 116,
  "fields": {
    "action_time": "2026-04-17T11:29:12.790Z",
    "user": [
      "admin"
    ],
    "content_type": [
      "products",
      "product"
    ],
    "object_id": "7",
    "object_repr": "Previous Next DCxRS Logo Embroidery Raw Denim Pant",
    "action_flag": 2,
    "change_message": "[{\"changed\": {\"fields\": [\"Description\"]}}, {\"changed\": {\"name\": \"product variant\", \"object\": \"Previous Next DCxRS Logo Embroidery Raw Denim Pant - Xanh \\u0111en - 26\", \"fields\": [\"Size\"]}}, {\"changed\": {\"name\": \"product variant\", \"object\": \"Previous Next DCxRS Logo Embroidery Raw Denim Pant - Xanh \\u0111en - 28\", \"fields\": [\"Size\"]}}, {\"changed\": {\"name\": \"product variant\", \"object\": \"Previous Next DCxRS Logo Embroidery Raw Denim Pant - Xanh \\u0111en - 30\", \"fields\": [\"Size\"]}}, {\"changed\": {\"name\": \"product variant\", \"object\": \"Previous Next DCxRS Logo Embroidery Raw Denim Pant - Xanh \\u0111en - 32\", \"fields\": [\"Size\"]}}, {\"changed\": {\"name\": \"product variant\", \"object\": \"Previous Next DCxRS Logo Embroidery Raw Denim Pant - Xanh \\u0111en - 34\", \"fields\": [\"Size\"]}}, {\"changed\": {\"name\": \"product variant\", \"object\": \"Previous Next DCxRS Logo Embroidery Raw Denim Pant - Xanh \\u0111en - 36\", \"fields\": [\"Color\", \"Size\"]}}]"
  }
},
{
  "model": "admin.logentry",
  "pk": 117,
  "fields": {
    "action_time": "2026-04-17T11:29:56.799Z",
    "user": [
      "admin"
    ],
    "content_type": [
      "products",
      "product"
    ],
    "object_id": "7",
    "object_repr": "Logo Embroidery Raw Denim Pant",
    "action_flag": 2,
    "change_message": "[{\"changed\": {\"fields\": [\"Name\"]}}]"
  }
},
{
  "model": "admin.logentry",
  "pk": 118,
  "fields": {
    "action_time": "2026-04-17T11:31:30.903Z",
    "user": [
      "admin"
    ],
    "content_type": [
      "products",
      "product"
    ],
    "object_id": "4",
    "object_repr": "British Passport Washed Tank Top",
    "action_flag": 2,
    "change_message": "[{\"changed\": {\"fields\": [\"Name\"]}}]"
  }
},
{
  "model": "admin.logentry",
  "pk": 119,
  "fields": {
    "action_time": "2026-04-17T11:32:46.192Z",
    "user": [
      "admin"
    ],
    "content_type": [
      "products",
      "product"
    ],
    "object_id": "6",
    "object_repr": "Sheriff Patches Denim Pants Black",
    "action_flag": 2,
    "change_message": "[{\"changed\": {\"fields\": [\"Name\", \"Description\"]}}, {\"changed\": {\"name\": \"product variant\", \"object\": \"Sheriff Patches Denim Pants Black - \\u0110en - 26\", \"fields\": [\"Size\"]}}, {\"changed\": {\"name\": \"product variant\", \"object\": \"Sheriff Patches Denim Pants Black - \\u0110en - 28\", \"fields\": [\"Size\"]}}, {\"changed\": {\"name\": \"product variant\", \"object\": \"Sheriff Patches Denim Pants Black - \\u0110en - 30\", \"fields\": [\"Size\"]}}, {\"changed\": {\"name\": \"product variant\", \"object\": \"Sheriff Patches Denim Pants Black - \\u0110en - 32\", \"fields\": [\"Size\"]}}, {\"changed\": {\"name\": \"product variant\", \"object\": \"Sheriff Patches Denim Pants Black - \\u0110en - 34\", \"fields\": [\"Size\"]}}, {\"changed\": {\"name\": \"product variant\", \"object\": \"Sheriff Patches Denim Pants Black - \\u0110en - 36\", \"fields\": [\"Size\"]}}]"
  }
},
{
  "model": "admin.logentry",
  "pk": 120,
  "fields": {
    "action_time": "2026-04-17T11:33:11.388Z",
    "user": [
      "admin"
    ],
    "content_type": [
      "products",
      "product"
    ],
    "object_id": "5",
    "object_repr": "Desert Sky T-Shirt",
    "action_flag": 2,
    "change_message": "[{\"changed\": {\"fields\": [\"Name\"]}}]"
  }
},
{
  "model": "admin.logentry",
  "pk": 121,
  "fields": {
    "action_time": "2026-04-17T11:34:21.509Z",
    "user": [
      "admin"
    ],
    "content_type": [
      "products",
      "product"
    ],
    "object_id": "3",
    "object_repr": "Striped Soccer Polo Jersey Black White",
    "action_flag": 2,
    "change_message": "[{\"changed\": {\"fields\": [\"Name\", \"Description\"]}}, {\"added\": {\"name\": \"product variant\", \"object\": \"Striped Soccer Polo Jersey Black White - \\u0110en - S\"}}, {\"added\": {\"name\": \"product variant\", \"object\": \"Striped Soccer Polo Jersey Black White - \\u0110en - M\"}}, {\"added\": {\"name\": \"product variant\", \"object\": \"Striped Soccer Polo Jersey Black White - \\u0110en - L\"}}]"
  }
},
{
  "model": "admin.logentry",
  "pk": 122,
  "fields": {
    "action_time": "2026-04-17T11:36:00.096Z",
    "user": [
      "admin"
    ],
    "content_type": [
      "products",
      "product"
    ],
    "object_id": "2",
    "object_repr": "Underdogs Zipped Hoodie",
    "action_flag": 2,
    "change_message": "[{\"changed\": {\"fields\": [\"Name\", \"Description\"]}}, {\"added\": {\"name\": \"product variant\", \"object\": \"Underdogs Zipped Hoodie - \\u0110en - L\"}}, {\"added\": {\"name\": \"product variant\", \"object\": \"Underdogs Zipped Hoodie - \\u0110en - XL\"}}, {\"changed\": {\"name\": \"product variant\", \"object\": \"Underdogs Zipped Hoodie - \\u0110en - M\", \"fields\": [\"Size\", \"Stock\"]}}]"
  }
},
{
  "model": "admin.logentry",
  "pk": 123,
  "fields": {
    "action_time": "2026-04-17T11:37:31.605Z",
    "user": [
      "admin"
    ],
    "content_type": [
      "products",
      "product"
    ],
    "object_id": "1",
    "object_repr": "Star 01 Football Jersey Croptop",
    "action_flag": 2,
    "change_message": "[{\"changed\": {\"fields\": [\"Name\", \"Description\", \"Price\"]}}, {\"added\": {\"name\": \"product variant\", \"object\": \"Star 01 Football Jersey Croptop - \\u0110en - M\"}}, {\"changed\": {\"name\": \"product variant\", \"object\": \"Star 01 Football Jersey Croptop - \\u0110en - S\", \"fields\": [\"Stock\"]}}]"
  }
},
{
  "model": "admin.logentry",
  "pk": 124,
  "fields": {
    "action_time": "2026-04-17T11:37:48.711Z",
    "user": [
      "admin"
    ],
    "content_type": [
      "products",
      "product"
    ],
    "object_id": "3",
    "object_repr": "Striped Soccer Polo Jersey",
    "action_flag": 2,
    "change_message": "[{\"changed\": {\"fields\": [\"Name\"]}}]"
  }
},
{
  "model": "admin.logentry",
  "pk": 125,
  "fields": {
    "action_time": "2026-04-17T11:41:10.135Z",
    "user": [
      "admin"
    ],
    "content_type": [
      "products",
      "product"
    ],
    "object_id": "8",
    "object_repr": "Dico Mate Hoodie",
    "action_flag": 1,
    "change_message": "[{\"added\": {}}, {\"added\": {\"name\": \"product image\", \"object\": \"Dico Mate Hoodie\"}}, {\"added\": {\"name\": \"product image\", \"object\": \"Dico Mate Hoodie\"}}, {\"added\": {\"name\": \"product image\", \"object\": \"Dico Mate Hoodie\"}}, {\"added\": {\"name\": \"product image\", \"object\": \"Dico Mate Hoodie\"}}, {\"added\": {\"name\": \"product image\", \"object\": \"Dico Mate Hoodie\"}}, {\"added\": {\"name\": \"product image\", \"object\": \"Dico Mate Hoodie\"}}, {\"added\": {\"name\": \"product image\", \"object\": \"Dico Mate Hoodie\"}}, {\"added\": {\"name\": \"product variant\", \"object\": \"Dico Mate Hoodie - \\u0110en - M\"}}, {\"added\": {\"name\": \"product variant\", \"object\": \"Dico Mate Hoodie - \\u0110en - L\"}}, {\"added\": {\"name\": \"product variant\", \"object\": \"Dico Mate Hoodie - \\u0110en - XL\"}}]"
  }
},
{
  "model": "admin.logentry",
  "pk": 126,
  "fields": {
    "action_time": "2026-04-17T11:45:13.711Z",
    "user": [
      "admin"
    ],
    "content_type": [
      "products",
      "product"
    ],
    "object_id": "9",
    "object_repr": "Dico Fluffy Print T-Shirt",
    "action_flag": 1,
    "change_message": "[{\"added\": {}}, {\"added\": {\"name\": \"product image\", \"object\": \"Dico Fluffy Print T-Shirt\"}}, {\"added\": {\"name\": \"product image\", \"object\": \"Dico Fluffy Print T-Shirt\"}}, {\"added\": {\"name\": \"product image\", \"object\": \"Dico Fluffy Print T-Shirt\"}}, {\"added\": {\"name\": \"product image\", \"object\": \"Dico Fluffy Print T-Shirt\"}}, {\"added\": {\"name\": \"product image\", \"object\": \"Dico Fluffy Print T-Shirt\"}}, {\"added\": {\"name\": \"product image\", \"object\": \"Dico Fluffy Print T-Shirt\"}}, {\"added\": {\"name\": \"product image\", \"object\": \"Dico Fluffy Print T-Shirt\"}}, {\"added\": {\"name\": \"product image\", \"object\": \"Dico Fluffy Print T-Shirt\"}}, {\"added\": {\"name\": \"product image\", \"object\": \"Dico Fluffy Print T-Shirt\"}}, {\"added\": {\"name\": \"product variant\", \"object\": \"Dico Fluffy Print T-Shirt - \\u0110en - S\"}}, {\"added\": {\"name\": \"product variant\", \"object\": \"Dico Fluffy Print T-Shirt - \\u0110en - M\"}}, {\"added\": {\"name\": \"product variant\", \"object\": \"Dico Fluffy Print T-Shirt - \\u0110en - L\"}}, {\"added\": {\"name\": \"product variant\", \"object\": \"Dico Fluffy Print T-Shirt - \\u0110en - XL\"}}]"
  }
},
{
  "model": "admin.logentry",
  "pk": 127,
  "fields": {
    "action_time": "2026-04-17T11:51:12.210Z",
    "user": [
      "admin"
    ],
    "content_type": [
      "products",
      "product"
    ],
    "object_id": "10",
    "object_repr": "Dico Lil Dino T-shirt",
    "action_flag": 1,
    "change_message": "[{\"added\": {}}, {\"added\": {\"name\": \"product image\", \"object\": \"Dico Lil Dino T-shirt\"}}, {\"added\": {\"name\": \"product image\", \"object\": \"Dico Lil Dino T-shirt\"}}, {\"added\": {\"name\": \"product image\", \"object\": \"Dico Lil Dino T-shirt\"}}, {\"added\": {\"name\": \"product image\", \"object\": \"Dico Lil Dino T-shirt\"}}, {\"added\": {\"name\": \"product image\", \"object\": \"Dico Lil Dino T-shirt\"}}, {\"added\": {\"name\": \"product image\", \"object\": \"Dico Lil Dino T-shirt\"}}, {\"added\": {\"name\": \"product image\", \"object\": \"Dico Lil Dino T-shirt\"}}, {\"added\": {\"name\": \"product image\", \"object\": \"Dico Lil Dino T-shirt\"}}, {\"added\": {\"name\": \"product variant\", \"object\": \"Dico Lil Dino T-shirt - \\u0110en - XS\"}}, {\"added\": {\"name\": \"product variant\", \"object\": \"Dico Lil Dino T-shirt - \\u0110en - S\"}}, {\"added\": {\"name\": \"product variant\", \"object\": \"Dico Lil Dino T-shirt - \\u0110en - M\"}}, {\"added\": {\"name\": \"product variant\", \"object\": \"Dico Lil Dino T-shirt - \\u0110en - L\"}}, {\"added\": {\"name\": \"product variant\", \"object\": \"Dico Lil Dino T-shirt - \\u0110en - XL\"}}]"
  }
},
{
  "model": "admin.logentry",
  "pk": 128,
  "fields": {
    "action_time": "2026-04-17T11:53:27.384Z",
    "user": [
      "admin"
    ],
    "content_type": [
      "products",
      "product"
    ],
    "object_id": "11",
    "object_repr": "Graffiti Pony Print T-shirt",
    "action_flag": 1,
    "change_message": "[{\"added\": {}}, {\"added\": {\"name\": \"product image\", \"object\": \"Graffiti Pony Print T-shirt\"}}, {\"added\": {\"name\": \"product image\", \"object\": \"Graffiti Pony Print T-shirt\"}}, {\"added\": {\"name\": \"product image\", \"object\": \"Graffiti Pony Print T-shirt\"}}, {\"added\": {\"name\": \"product image\", \"object\": \"Graffiti Pony Print T-shirt\"}}, {\"added\": {\"name\": \"product image\", \"object\": \"Graffiti Pony Print T-shirt\"}}, {\"added\": {\"name\": \"product image\", \"object\": \"Graffiti Pony Print T-shirt\"}}, {\"added\": {\"name\": \"product variant\", \"object\": \"Graffiti Pony Print T-shirt - Tr\\u1eafng - S\"}}, {\"added\": {\"name\": \"product variant\", \"object\": \"Graffiti Pony Print T-shirt - Tr\\u1eafng - M\"}}, {\"added\": {\"name\": \"product variant\", \"object\": \"Graffiti Pony Print T-shirt - Tr\\u1eafng - L\"}}, {\"added\": {\"name\": \"product variant\", \"object\": \"Graffiti Pony Print T-shirt - Tr\\u1eafng - XL\"}}]"
  }
},
{
  "model": "admin.logentry",
  "pk": 129,
  "fields": {
    "action_time": "2026-04-17T11:57:25.989Z",
    "user": [
      "admin"
    ],
    "content_type": [
      "products",
      "product"
    ],
    "object_id": "12",
    "object_repr": "The Underdogs T-shirt",
    "action_flag": 1,
    "change_message": "[{\"added\": {}}, {\"added\": {\"name\": \"product image\", \"object\": \"The Underdogs T-shirt\"}}, {\"added\": {\"name\": \"product image\", \"object\": \"The Underdogs T-shirt\"}}, {\"added\": {\"name\": \"product image\", \"object\": \"The Underdogs T-shirt\"}}, {\"added\": {\"name\": \"product image\", \"object\": \"The Underdogs T-shirt\"}}, {\"added\": {\"name\": \"product image\", \"object\": \"The Underdogs T-shirt\"}}, {\"added\": {\"name\": \"product image\", \"object\": \"The Underdogs T-shirt\"}}, {\"added\": {\"name\": \"product image\", \"object\": \"The Underdogs T-shirt\"}}, {\"added\": {\"name\": \"product image\", \"object\": \"The Underdogs T-shirt\"}}, {\"added\": {\"name\": \"product variant\", \"object\": \"The Underdogs T-shirt - \\u0110en - XS\"}}, {\"added\": {\"name\": \"product variant\", \"object\": \"The Underdogs T-shirt - \\u0110en - S\"}}, {\"added\": {\"name\": \"product variant\", \"object\": \"The Underdogs T-shirt - \\u0110en - M\"}}, {\"added\": {\"name\": \"product variant\", \"object\": \"The Underdogs T-shirt - \\u0110en - L\"}}, {\"added\": {\"name\": \"product variant\", \"object\": \"The Underdogs T-shirt - \\u0110en - XL\"}}]"
  }
},
{
  "model": "admin.logentry",
  "pk": 130,
  "fields": {
    "action_time": "2026-04-17T11:58:54.689Z",
    "user": [
      "admin"
    ],
    "content_type": [
      "products",
      "promotion"
    ],
    "object_id": "3",
    "object_repr": "Sale T4",
    "action_flag": 1,
    "change_message": "[{\"added\": {}}]"
  }
},
{
  "model": "admin.logentry",
  "pk": 131,
  "fields": {
    "action_time": "2026-04-17T12:01:03.631Z",
    "user": [
      "admin"
    ],
    "content_type": [
      "products",
      "product"
    ],
    "object_id": "13",
    "object_repr": "Floral Silhouette T-Shirt",
    "action_flag": 1,
    "change_message": "[{\"added\": {}}, {\"added\": {\"name\": \"product variant\", \"object\": \"Floral Silhouette T-Shirt - Tr\\u1eafng - XS\"}}, {\"added\": {\"name\": \"product variant\", \"object\": \"Floral Silhouette T-Shirt - Tr\\u1eafng - S\"}}, {\"added\": {\"name\": \"product variant\", \"object\": \"Floral Silhouette T-Shirt - Tr\\u1eafng - M\"}}, {\"added\": {\"name\": \"product variant\", \"object\": \"Floral Silhouette T-Shirt - Tr\\u1eafng - L\"}}]"
  }
},
{
  "model": "admin.logentry",
  "pk": 132,
  "fields": {
    "action_time": "2026-04-17T12:13:24.229Z",
    "user": [
      "admin"
    ],
    "content_type": [
      "products",
      "product"
    ],
    "object_id": "14",
    "object_repr": "Distressed Baggy Denim",
    "action_flag": 1,
    "change_message": "[{\"added\": {}}, {\"added\": {\"name\": \"product image\", \"object\": \"Distressed Baggy Denim\"}}, {\"added\": {\"name\": \"product image\", \"object\": \"Distressed Baggy Denim\"}}, {\"added\": {\"name\": \"product image\", \"object\": \"Distressed Baggy Denim\"}}, {\"added\": {\"name\": \"product image\", \"object\": \"Distressed Baggy Denim\"}}, {\"added\": {\"name\": \"product image\", \"object\": \"Distressed Baggy Denim\"}}, {\"added\": {\"name\": \"product image\", \"object\": \"Distressed Baggy Denim\"}}, {\"added\": {\"name\": \"product image\", \"object\": \"Distressed Baggy Denim\"}}, {\"added\": {\"name\": \"product image\", \"object\": \"Distressed Baggy Denim\"}}, {\"added\": {\"name\": \"product variant\", \"object\": \"Distressed Baggy Denim - Xanh \\u0111en - 26\"}}, {\"added\": {\"name\": \"product variant\", \"object\": \"Distressed Baggy Denim - Xanh \\u0111en - 28\"}}, {\"added\": {\"name\": \"product variant\", \"object\": \"Distressed Baggy Denim - Xanh \\u0111en - 30\"}}, {\"added\": {\"name\": \"product variant\", \"object\": \"Distressed Baggy Denim - Xanh \\u0111en - 32\"}}, {\"added\": {\"name\": \"product variant\", \"object\": \"Distressed Baggy Denim - Xanh \\u0111en - 34\"}}, {\"added\": {\"name\": \"product variant\", \"object\": \"Distressed Baggy Denim - Xanh \\u0111en - 36\"}}]"
  }
},
{
  "model": "admin.logentry",
  "pk": 133,
  "fields": {
    "action_time": "2026-04-17T12:14:42.622Z",
    "user": [
      "admin"
    ],
    "content_type": [
      "products",
      "product"
    ],
    "object_id": "13",
    "object_repr": "Floral Silhouette T-Shirt",
    "action_flag": 2,
    "change_message": "[{\"added\": {\"name\": \"product image\", \"object\": \"Floral Silhouette T-Shirt\"}}, {\"added\": {\"name\": \"product image\", \"object\": \"Floral Silhouette T-Shirt\"}}, {\"added\": {\"name\": \"product image\", \"object\": \"Floral Silhouette T-Shirt\"}}, {\"added\": {\"name\": \"product image\", \"object\": \"Floral Silhouette T-Shirt\"}}, {\"added\": {\"name\": \"product image\", \"object\": \"Floral Silhouette T-Shirt\"}}]"
  }
},
{
  "model": "admin.logentry",
  "pk": 134,
  "fields": {
    "action_time": "2026-04-17T12:19:08.008Z",
    "user": [
      "admin"
    ],
    "content_type": [
      "products",
      "color"
    ],
    "object_id": "5",
    "object_repr": "Nâu",
    "action_flag": 1,
    "change_message": "[{\"added\": {}}]"
  }
},
{
  "model": "admin.logentry",
  "pk": 135,
  "fields": {
    "action_time": "2026-04-17T12:19:18.250Z",
    "user": [
      "admin"
    ],
    "content_type": [
      "products",
      "product"
    ],
    "object_id": "15",
    "object_repr": "Logo Print Shorts",
    "action_flag": 1,
    "change_message": "[{\"added\": {}}, {\"added\": {\"name\": \"product image\", \"object\": \"Logo Print Shorts\"}}, {\"added\": {\"name\": \"product image\", \"object\": \"Logo Print Shorts\"}}, {\"added\": {\"name\": \"product image\", \"object\": \"Logo Print Shorts\"}}, {\"added\": {\"name\": \"product image\", \"object\": \"Logo Print Shorts\"}}, {\"added\": {\"name\": \"product image\", \"object\": \"Logo Print Shorts\"}}, {\"added\": {\"name\": \"product image\", \"object\": \"Logo Print Shorts\"}}, {\"added\": {\"name\": \"product image\", \"object\": \"Logo Print Shorts\"}}, {\"added\": {\"name\": \"product image\", \"object\": \"Logo Print Shorts\"}}, {\"added\": {\"name\": \"product variant\", \"object\": \"Logo Print Shorts - N\\u00e2u - M\"}}, {\"added\": {\"name\": \"product variant\", \"object\": \"Logo Print Shorts - N\\u00e2u - L\"}}, {\"added\": {\"name\": \"product variant\", \"object\": \"Logo Print Shorts - N\\u00e2u - XL\"}}]"
  }
},
{
  "model": "admin.logentry",
  "pk": 136,
  "fields": {
    "action_time": "2026-04-17T12:39:25.792Z",
    "user": [
      "admin"
    ],
    "content_type": [
      "contact",
      "contact"
    ],
    "object_id": "3",
    "object_repr": "Contact object (3)",
    "action_flag": 2,
    "change_message": "[{\"changed\": {\"fields\": [\"Message\"]}}]"
  }
},
{
  "model": "admin.logentry",
  "pk": 137,
  "fields": {
    "action_time": "2026-04-17T12:40:03.746Z",
    "user": [
      "admin"
    ],
    "content_type": [
      "contact",
      "contact"
    ],
    "object_id": "2",
    "object_repr": "Contact object (2)",
    "action_flag": 2,
    "change_message": "[{\"changed\": {\"fields\": [\"Message\"]}}]"
  }
},
{
  "model": "admin.logentry",
  "pk": 138,
  "fields": {
    "action_time": "2026-04-17T12:40:11.882Z",
    "user": [
      "admin"
    ],
    "content_type": [
      "contact",
      "contact"
    ],
    "object_id": "1",
    "object_repr": "Contact object (1)",
    "action_flag": 3,
    "change_message": ""
  }
},
{
  "model": "admin.logentry",
  "pk": 139,
  "fields": {
    "action_time": "2026-04-17T12:41:23.858Z",
    "user": [
      "admin"
    ],
    "content_type": [
      "contact",
      "contact"
    ],
    "object_id": "2",
    "object_repr": "Contact object (2)",
    "action_flag": 2,
    "change_message": "[{\"changed\": {\"fields\": [\"Subject\"]}}]"
  }
},
{
  "model": "admin.logentry",
  "pk": 140,
  "fields": {
    "action_time": "2026-04-17T12:41:36.374Z",
    "user": [
      "admin"
    ],
    "content_type": [
      "contact",
      "contact"
    ],
    "object_id": "2",
    "object_repr": "Contact object (2)",
    "action_flag": 2,
    "change_message": "[{\"changed\": {\"fields\": [\"Subject\"]}}]"
  }
},
{
  "model": "admin.logentry",
  "pk": 141,
  "fields": {
    "action_time": "2026-04-17T12:42:06.934Z",
    "user": [
      "admin"
    ],
    "content_type": [
      "contact",
      "contact"
    ],
    "object_id": "2",
    "object_repr": "Contact object (2)",
    "action_flag": 2,
    "change_message": "[{\"changed\": {\"fields\": [\"Subject\"]}}]"
  }
},
{
  "model": "admin.logentry",
  "pk": 142,
  "fields": {
    "action_time": "2026-04-17T12:42:49.626Z",
    "user": [
      "admin"
    ],
    "content_type": [
      "contact",
      "feedback"
    ],
    "object_id": "1",
    "object_repr": "Feedback object (1)",
    "action_flag": 2,
    "change_message": "[{\"changed\": {\"fields\": [\"Message\"]}}]"
  }
},
{
  "model": "admin.logentry",
  "pk": 143,
  "fields": {
    "action_time": "2026-04-17T12:43:29.707Z",
    "user": [
      "admin"
    ],
    "content_type": [
      "contact",
      "feedback"
    ],
    "object_id": "3",
    "object_repr": "Feedback object (3)",
    "action_flag": 2,
    "change_message": "[{\"changed\": {\"fields\": [\"User\", \"Message\"]}}]"
  }
},
{
  "model": "admin.logentry",
  "pk": 144,
  "fields": {
    "action_time": "2026-04-17T12:43:38.820Z",
    "user": [
      "admin"
    ],
    "content_type": [
      "contact",
      "feedback"
    ],
    "object_id": "2",
    "object_repr": "Feedback object (2)",
    "action_flag": 2,
    "change_message": "[]"
  }
},
{
  "model": "admin.logentry",
  "pk": 145,
  "fields": {
    "action_time": "2026-04-17T12:47:06.287Z",
    "user": [
      "admin"
    ],
    "content_type": [
      "orders",
      "order"
    ],
    "object_id": "1",
    "object_repr": "Order 1",
    "action_flag": 3,
    "change_message": ""
  }
},
{
  "model": "admin.logentry",
  "pk": 146,
  "fields": {
    "action_time": "2026-04-17T12:47:16.391Z",
    "user": [
      "admin"
    ],
    "content_type": [
      "orders",
      "order"
    ],
    "object_id": "3",
    "object_repr": "Order 3",
    "action_flag": 3,
    "change_message": ""
  }
},
{
  "model": "admin.logentry",
  "pk": 147,
  "fields": {
    "action_time": "2026-04-18T07:01:24.188Z",
    "user": [
      "admin"
    ],
    "content_type": [
      "auth",
      "user"
    ],
    "object_id": "2",
    "object_repr": "user04",
    "action_flag": 2,
    "change_message": "[{\"changed\": {\"fields\": [\"Username\"]}}]"
  }
},
{
  "model": "admin.logentry",
  "pk": 148,
  "fields": {
    "action_time": "2026-04-18T07:01:48.924Z",
    "user": [
      "admin"
    ],
    "content_type": [
      "auth",
      "user"
    ],
    "object_id": "8",
    "object_repr": "user01",
    "action_flag": 1,
    "change_message": "[{\"added\": {}}]"
  }
},
{
  "model": "admin.logentry",
  "pk": 149,
  "fields": {
    "action_time": "2026-04-18T07:02:20.128Z",
    "user": [
      "admin"
    ],
    "content_type": [
      "auth",
      "user"
    ],
    "object_id": "8",
    "object_repr": "user01",
    "action_flag": 2,
    "change_message": "[{\"changed\": {\"fields\": [\"First name\", \"Last name\", \"Email address\"]}}]"
  }
},
{
  "model": "admin.logentry",
  "pk": 150,
  "fields": {
    "action_time": "2026-04-18T07:02:36.193Z",
    "user": [
      "admin"
    ],
    "content_type": [
      "auth",
      "user"
    ],
    "object_id": "2",
    "object_repr": "gg",
    "action_flag": 2,
    "change_message": "[{\"changed\": {\"fields\": [\"Username\"]}}]"
  }
},
{
  "model": "admin.logentry",
  "pk": 151,
  "fields": {
    "action_time": "2026-04-18T07:02:55.669Z",
    "user": [
      "admin"
    ],
    "content_type": [
      "auth",
      "user"
    ],
    "object_id": "4",
    "object_repr": "user03",
    "action_flag": 2,
    "change_message": "[{\"changed\": {\"fields\": [\"First name\", \"Last name\"]}}]"
  }
},
{
  "model": "admin.logentry",
  "pk": 152,
  "fields": {
    "action_time": "2026-04-18T07:03:15.637Z",
    "user": [
      "admin"
    ],
    "content_type": [
      "auth",
      "user"
    ],
    "object_id": "9",
    "object_repr": "user04",
    "action_flag": 1,
    "change_message": "[{\"added\": {}}]"
  }
},
{
  "model": "admin.logentry",
  "pk": 153,
  "fields": {
    "action_time": "2026-04-18T07:03:44.533Z",
    "user": [
      "admin"
    ],
    "content_type": [
      "auth",
      "user"
    ],
    "object_id": "9",
    "object_repr": "user04",
    "action_flag": 2,
    "change_message": "[{\"changed\": {\"fields\": [\"First name\", \"Last name\", \"Email address\"]}}]"
  }
},
{
  "model": "admin.logentry",
  "pk": 154,
  "fields": {
    "action_time": "2026-04-18T07:03:59.712Z",
    "user": [
      "admin"
    ],
    "content_type": [
      "auth",
      "user"
    ],
    "object_id": "8",
    "object_repr": "user01",
    "action_flag": 2,
    "change_message": "[{\"changed\": {\"fields\": [\"password\"]}}]"
  }
},
{
  "model": "admin.logentry",
  "pk": 155,
  "fields": {
    "action_time": "2026-04-18T07:04:19.962Z",
    "user": [
      "admin"
    ],
    "content_type": [
      "auth",
      "user"
    ],
    "object_id": "5",
    "object_repr": "user02",
    "action_flag": 2,
    "change_message": "[{\"changed\": {\"fields\": [\"password\"]}}]"
  }
},
{
  "model": "admin.logentry",
  "pk": 156,
  "fields": {
    "action_time": "2026-04-18T07:26:57.430Z",
    "user": [
      "admin"
    ],
    "content_type": [
      "orders",
      "discountcode"
    ],
    "object_id": "3",
    "object_repr": "SALE03 (8%)",
    "action_flag": 2,
    "change_message": "[{\"changed\": {\"fields\": [\"Usage limit\"]}}]"
  }
},
{
  "model": "admin.logentry",
  "pk": 157,
  "fields": {
    "action_time": "2026-04-18T07:28:00.903Z",
    "user": [
      "admin"
    ],
    "content_type": [
      "orders",
      "discountcode"
    ],
    "object_id": "3",
    "object_repr": "SALE03 (8%)",
    "action_flag": 2,
    "change_message": "[{\"changed\": {\"fields\": [\"Usage limit\"]}}]"
  }
},
{
  "model": "admin.logentry",
  "pk": 158,
  "fields": {
    "action_time": "2026-04-18T07:32:39.254Z",
    "user": [
      "admin"
    ],
    "content_type": [
      "products",
      "product"
    ],
    "object_id": "17",
    "object_repr": "Academy Sweatshorts",
    "action_flag": 2,
    "change_message": "[{\"deleted\": {\"name\": \"product image\", \"object\": \"Academy Sweatshorts\"}}]"
  }
},
{
  "model": "admin.logentry",
  "pk": 159,
  "fields": {
    "action_time": "2026-04-18T07:35:10.516Z",
    "user": [
      "admin"
    ],
    "content_type": [
      "contact",
      "feedback"
    ],
    "object_id": "3",
    "object_repr": "Feedback object (3)",
    "action_flag": 2,
    "change_message": "[{\"changed\": {\"fields\": [\"User\"]}}]"
  }
},
{
  "model": "admin.logentry",
  "pk": 160,
  "fields": {
    "action_time": "2026-04-18T07:35:15.861Z",
    "user": [
      "admin"
    ],
    "content_type": [
      "contact",
      "feedback"
    ],
    "object_id": "2",
    "object_repr": "Feedback object (2)",
    "action_flag": 2,
    "change_message": "[{\"changed\": {\"fields\": [\"User\"]}}]"
  }
},
{
  "model": "admin.logentry",
  "pk": 161,
  "fields": {
    "action_time": "2026-04-18T07:39:13.460Z",
    "user": [
      "admin"
    ],
    "content_type": [
      "orders",
      "order"
    ],
    "object_id": "13",
    "object_repr": "Order 13",
    "action_flag": 2,
    "change_message": "[{\"changed\": {\"fields\": [\"Status\"]}}]"
  }
},
{
  "model": "admin.logentry",
  "pk": 162,
  "fields": {
    "action_time": "2026-04-18T07:41:43.611Z",
    "user": [
      "admin"
    ],
    "content_type": [
      "reviews",
      "review"
    ],
    "object_id": "1",
    "object_repr": "Review object (1)",
    "action_flag": 2,
    "change_message": "[{\"changed\": {\"fields\": [\"User\"]}}]"
  }
},
{
  "model": "admin.logentry",
  "pk": 163,
  "fields": {
    "action_time": "2026-04-18T07:56:08.321Z",
    "user": [
      "admin"
    ],
    "content_type": [
      "products",
      "color"
    ],
    "object_id": "9",
    "object_repr": "Cam",
    "action_flag": 2,
    "change_message": "[{\"changed\": {\"fields\": [\"Name\"]}}]"
  }
},
{
  "model": "admin.logentry",
  "pk": 164,
  "fields": {
    "action_time": "2026-04-18T08:03:05.173Z",
    "user": [
      "admin"
    ],
    "content_type": [
      "products",
      "product"
    ],
    "object_id": "18",
    "object_repr": "Striped Script Logo Shorts",
    "action_flag": 2,
    "change_message": "[{\"deleted\": {\"name\": \"product image\", \"object\": \"Striped Script Logo Shorts\"}}, {\"deleted\": {\"name\": \"product image\", \"object\": \"Striped Script Logo Shorts\"}}, {\"deleted\": {\"name\": \"product image\", \"object\": \"Striped Script Logo Shorts\"}}, {\"deleted\": {\"name\": \"product image\", \"object\": \"Striped Script Logo Shorts\"}}, {\"deleted\": {\"name\": \"product image\", \"object\": \"Striped Script Logo Shorts\"}}, {\"deleted\": {\"name\": \"product image\", \"object\": \"Striped Script Logo Shorts\"}}, {\"deleted\": {\"name\": \"product image\", \"object\": \"Striped Script Logo Shorts\"}}]"
  }
},
{
  "model": "admin.logentry",
  "pk": 165,
  "fields": {
    "action_time": "2026-04-18T08:04:26.550Z",
    "user": [
      "admin"
    ],
    "content_type": [
      "products",
      "product"
    ],
    "object_id": "18",
    "object_repr": "Striped Script Logo Shorts",
    "action_flag": 2,
    "change_message": "[{\"deleted\": {\"name\": \"product image\", \"object\": \"Striped Script Logo Shorts\"}}, {\"deleted\": {\"name\": \"product image\", \"object\": \"Striped Script Logo Shorts\"}}, {\"deleted\": {\"name\": \"product image\", \"object\": \"Striped Script Logo Shorts\"}}, {\"deleted\": {\"name\": \"product image\", \"object\": \"Striped Script Logo Shorts\"}}, {\"deleted\": {\"name\": \"product image\", \"object\": \"Striped Script Logo Shorts\"}}, {\"deleted\": {\"name\": \"product image\", \"object\": \"Striped Script Logo Shorts\"}}, {\"deleted\": {\"name\": \"product image\", \"object\": \"Striped Script Logo Shorts\"}}, {\"deleted\": {\"name\": \"product image\", \"object\": \"Striped Script Logo Shorts\"}}]"
  }
},
{
  "model": "admin.logentry",
  "pk": 166,
  "fields": {
    "action_time": "2026-04-18T08:05:24.403Z",
    "user": [
      "admin"
    ],
    "content_type": [
      "products",
      "product"
    ],
    "object_id": "20",
    "object_repr": "Curve Ripstop Shorts",
    "action_flag": 2,
    "change_message": "[{\"deleted\": {\"name\": \"product image\", \"object\": \"Curve Ripstop Shorts\"}}]"
  }
},
{
  "model": "admin.logentry",
  "pk": 167,
  "fields": {
    "action_time": "2026-04-18T08:06:31.884Z",
    "user": [
      "admin"
    ],
    "content_type": [
      "products",
      "product"
    ],
    "object_id": "20",
    "object_repr": "Curve Ripstop Shorts",
    "action_flag": 2,
    "change_message": "[{\"deleted\": {\"name\": \"product image\", \"object\": \"Curve Ripstop Shorts\"}}, {\"deleted\": {\"name\": \"product image\", \"object\": \"Curve Ripstop Shorts\"}}, {\"deleted\": {\"name\": \"product image\", \"object\": \"Curve Ripstop Shorts\"}}, {\"deleted\": {\"name\": \"product image\", \"object\": \"Curve Ripstop Shorts\"}}, {\"deleted\": {\"name\": \"product image\", \"object\": \"Curve Ripstop Shorts\"}}, {\"deleted\": {\"name\": \"product image\", \"object\": \"Curve Ripstop Shorts\"}}, {\"deleted\": {\"name\": \"product image\", \"object\": \"Curve Ripstop Shorts\"}}]"
  }
},
{
  "model": "admin.logentry",
  "pk": 168,
  "fields": {
    "action_time": "2026-04-18T08:23:05.826Z",
    "user": [
      "admin"
    ],
    "content_type": [
      "products",
      "color"
    ],
    "object_id": "13",
    "object_repr": "Xanh jean",
    "action_flag": 2,
    "change_message": "[{\"changed\": {\"fields\": [\"Name\"]}}]"
  }
},
{
  "model": "admin.logentry",
  "pk": 169,
  "fields": {
    "action_time": "2026-04-18T08:32:45.408Z",
    "user": [
      "admin"
    ],
    "content_type": [
      "products",
      "color"
    ],
    "object_id": "14",
    "object_repr": "Xanh lá đậm",
    "action_flag": 2,
    "change_message": "[{\"changed\": {\"fields\": [\"Name\"]}}]"
  }
},
{
  "model": "admin.logentry",
  "pk": 170,
  "fields": {
    "action_time": "2026-04-18T08:35:35.237Z",
    "user": [
      "admin"
    ],
    "content_type": [
      "products",
      "category"
    ],
    "object_id": "7",
    "object_repr": "Quần Short",
    "action_flag": 2,
    "change_message": "[{\"changed\": {\"fields\": [\"Name\"]}}]"
  }
},
{
  "model": "admin.logentry",
  "pk": 171,
  "fields": {
    "action_time": "2026-04-18T08:35:41.911Z",
    "user": [
      "admin"
    ],
    "content_type": [
      "products",
      "category"
    ],
    "object_id": "5",
    "object_repr": "Áo Hoodie",
    "action_flag": 2,
    "change_message": "[{\"changed\": {\"fields\": [\"Name\"]}}]"
  }
},
{
  "model": "admin.logentry",
  "pk": 172,
  "fields": {
    "action_time": "2026-04-18T08:35:47.526Z",
    "user": [
      "admin"
    ],
    "content_type": [
      "products",
      "category"
    ],
    "object_id": "4",
    "object_repr": "Áo Polo",
    "action_flag": 2,
    "change_message": "[{\"changed\": {\"fields\": [\"Name\"]}}]"
  }
},
{
  "model": "admin.logentry",
  "pk": 173,
  "fields": {
    "action_time": "2026-04-18T08:35:53.981Z",
    "user": [
      "admin"
    ],
    "content_type": [
      "products",
      "category"
    ],
    "object_id": "3",
    "object_repr": "Áo Tanktop",
    "action_flag": 2,
    "change_message": "[{\"changed\": {\"fields\": [\"Name\"]}}]"
  }
},
{
  "model": "admin.logentry",
  "pk": 174,
  "fields": {
    "action_time": "2026-04-18T08:35:59.552Z",
    "user": [
      "admin"
    ],
    "content_type": [
      "products",
      "category"
    ],
    "object_id": "2",
    "object_repr": "Quần Jean",
    "action_flag": 2,
    "change_message": "[{\"changed\": {\"fields\": [\"Name\"]}}]"
  }
},
{
  "model": "admin.logentry",
  "pk": 175,
  "fields": {
    "action_time": "2026-04-18T08:36:05.150Z",
    "user": [
      "admin"
    ],
    "content_type": [
      "products",
      "category"
    ],
    "object_id": "1",
    "object_repr": "Áo Thun",
    "action_flag": 2,
    "change_message": "[{\"changed\": {\"fields\": [\"Name\"]}}]"
  }
},
{
  "model": "admin.logentry",
  "pk": 176,
  "fields": {
    "action_time": "2026-04-18T09:20:33.905Z",
    "user": [
      "admin"
    ],
    "content_type": [
      "products",
      "product"
    ],
    "object_id": "30",
    "object_repr": "Hanoi Lover T-Shirt",
    "action_flag": 2,
    "change_message": "[{\"changed\": {\"fields\": [\"Promotion\"]}}]"
  }
},
{
  "model": "admin.logentry",
  "pk": 177,
  "fields": {
    "action_time": "2026-04-19T10:48:56.410Z",
    "user": [
      "admin"
    ],
    "content_type": [
      "products",
      "size"
    ],
    "object_id": "7",
    "object_repr": "26",
    "action_flag": 2,
    "change_message": "[{\"changed\": {\"fields\": [\"Th\\u1ee9 t\\u1ef1 hi\\u1ec3n th\\u1ecb\"]}}]"
  }
},
{
  "model": "admin.logentry",
  "pk": 178,
  "fields": {
    "action_time": "2026-04-19T10:48:56.414Z",
    "user": [
      "admin"
    ],
    "content_type": [
      "products",
      "size"
    ],
    "object_id": "8",
    "object_repr": "28",
    "action_flag": 2,
    "change_message": "[{\"changed\": {\"fields\": [\"Th\\u1ee9 t\\u1ef1 hi\\u1ec3n th\\u1ecb\"]}}]"
  }
},
{
  "model": "admin.logentry",
  "pk": 179,
  "fields": {
    "action_time": "2026-04-19T10:48:56.415Z",
    "user": [
      "admin"
    ],
    "content_type": [
      "products",
      "size"
    ],
    "object_id": "9",
    "object_repr": "30",
    "action_flag": 2,
    "change_message": "[{\"changed\": {\"fields\": [\"Th\\u1ee9 t\\u1ef1 hi\\u1ec3n th\\u1ecb\"]}}]"
  }
},
{
  "model": "admin.logentry",
  "pk": 180,
  "fields": {
    "action_time": "2026-04-19T10:48:56.416Z",
    "user": [
      "admin"
    ],
    "content_type": [
      "products",
      "size"
    ],
    "object_id": "10",
    "object_repr": "32",
    "action_flag": 2,
    "change_message": "[{\"changed\": {\"fields\": [\"Th\\u1ee9 t\\u1ef1 hi\\u1ec3n th\\u1ecb\"]}}]"
  }
},
{
  "model": "admin.logentry",
  "pk": 181,
  "fields": {
    "action_time": "2026-04-19T10:48:56.416Z",
    "user": [
      "admin"
    ],
    "content_type": [
      "products",
      "size"
    ],
    "object_id": "11",
    "object_repr": "34",
    "action_flag": 2,
    "change_message": "[{\"changed\": {\"fields\": [\"Th\\u1ee9 t\\u1ef1 hi\\u1ec3n th\\u1ecb\"]}}]"
  }
},
{
  "model": "admin.logentry",
  "pk": 182,
  "fields": {
    "action_time": "2026-04-19T10:48:56.417Z",
    "user": [
      "admin"
    ],
    "content_type": [
      "products",
      "size"
    ],
    "object_id": "12",
    "object_repr": "36",
    "action_flag": 2,
    "change_message": "[{\"changed\": {\"fields\": [\"Th\\u1ee9 t\\u1ef1 hi\\u1ec3n th\\u1ecb\"]}}]"
  }
},
{
  "model": "admin.logentry",
  "pk": 183,
  "fields": {
    "action_time": "2026-04-19T10:48:56.418Z",
    "user": [
      "admin"
    ],
    "content_type": [
      "products",
      "size"
    ],
    "object_id": "4",
    "object_repr": "L",
    "action_flag": 2,
    "change_message": "[{\"changed\": {\"fields\": [\"Th\\u1ee9 t\\u1ef1 hi\\u1ec3n th\\u1ecb\"]}}]"
  }
},
{
  "model": "admin.logentry",
  "pk": 184,
  "fields": {
    "action_time": "2026-04-19T10:48:56.418Z",
    "user": [
      "admin"
    ],
    "content_type": [
      "products",
      "size"
    ],
    "object_id": "3",
    "object_repr": "M",
    "action_flag": 2,
    "change_message": "[{\"changed\": {\"fields\": [\"Th\\u1ee9 t\\u1ef1 hi\\u1ec3n th\\u1ecb\"]}}]"
  }
},
{
  "model": "admin.logentry",
  "pk": 185,
  "fields": {
    "action_time": "2026-04-19T10:48:56.419Z",
    "user": [
      "admin"
    ],
    "content_type": [
      "products",
      "size"
    ],
    "object_id": "2",
    "object_repr": "S",
    "action_flag": 2,
    "change_message": "[{\"changed\": {\"fields\": [\"Th\\u1ee9 t\\u1ef1 hi\\u1ec3n th\\u1ecb\"]}}]"
  }
},
{
  "model": "admin.logentry",
  "pk": 186,
  "fields": {
    "action_time": "2026-04-19T10:48:56.420Z",
    "user": [
      "admin"
    ],
    "content_type": [
      "products",
      "size"
    ],
    "object_id": "5",
    "object_repr": "XL",
    "action_flag": 2,
    "change_message": "[{\"changed\": {\"fields\": [\"Th\\u1ee9 t\\u1ef1 hi\\u1ec3n th\\u1ecb\"]}}]"
  }
},
{
  "model": "admin.logentry",
  "pk": 187,
  "fields": {
    "action_time": "2026-04-19T10:48:56.421Z",
    "user": [
      "admin"
    ],
    "content_type": [
      "products",
      "size"
    ],
    "object_id": "1",
    "object_repr": "XS",
    "action_flag": 2,
    "change_message": "[{\"changed\": {\"fields\": [\"Th\\u1ee9 t\\u1ef1 hi\\u1ec3n th\\u1ecb\"]}}]"
  }
},
{
  "model": "admin.logentry",
  "pk": 188,
  "fields": {
    "action_time": "2026-04-19T10:48:56.421Z",
    "user": [
      "admin"
    ],
    "content_type": [
      "products",
      "size"
    ],
    "object_id": "6",
    "object_repr": "XXL",
    "action_flag": 2,
    "change_message": "[{\"changed\": {\"fields\": [\"Th\\u1ee9 t\\u1ef1 hi\\u1ec3n th\\u1ecb\"]}}]"
  }
},
{
  "model": "admin.logentry",
  "pk": 189,
  "fields": {
    "action_time": "2026-04-19T10:50:45.776Z",
    "user": [
      "admin"
    ],
    "content_type": [
      "products",
      "product"
    ],
    "object_id": "31",
    "object_repr": "Cobruhh T-Shirt",
    "action_flag": 2,
    "change_message": "[{\"changed\": {\"fields\": [\"B\\u1ea3ng k\\u00edch th\\u01b0\\u1edbc\"]}}]"
  }
},
{
  "model": "admin.logentry",
  "pk": 190,
  "fields": {
    "action_time": "2026-04-19T10:52:29.501Z",
    "user": [
      "admin"
    ],
    "content_type": [
      "products",
      "product"
    ],
    "object_id": "29",
    "object_repr": "Star 07 One Shoulder LS Jersey",
    "action_flag": 2,
    "change_message": "[{\"changed\": {\"fields\": [\"B\\u1ea3ng k\\u00edch th\\u01b0\\u1edbc\"]}}]"
  }
},
{
  "model": "admin.logentry",
  "pk": 191,
  "fields": {
    "action_time": "2026-04-19T10:52:36.454Z",
    "user": [
      "admin"
    ],
    "content_type": [
      "products",
      "product"
    ],
    "object_id": "30",
    "object_repr": "Hanoi Lover T-Shirt",
    "action_flag": 2,
    "change_message": "[{\"changed\": {\"fields\": [\"B\\u1ea3ng k\\u00edch th\\u01b0\\u1edbc\"]}}]"
  }
},
{
  "model": "admin.logentry",
  "pk": 192,
  "fields": {
    "action_time": "2026-04-19T10:52:50.706Z",
    "user": [
      "admin"
    ],
    "content_type": [
      "products",
      "product"
    ],
    "object_id": "28",
    "object_repr": "Printed Label Tank Top",
    "action_flag": 2,
    "change_message": "[{\"changed\": {\"fields\": [\"B\\u1ea3ng k\\u00edch th\\u01b0\\u1edbc\"]}}]"
  }
},
{
  "model": "admin.logentry",
  "pk": 193,
  "fields": {
    "action_time": "2026-04-19T10:52:58.483Z",
    "user": [
      "admin"
    ],
    "content_type": [
      "products",
      "product"
    ],
    "object_id": "27",
    "object_repr": "\"Y\" Patch Crochet Polo",
    "action_flag": 2,
    "change_message": "[{\"changed\": {\"fields\": [\"B\\u1ea3ng k\\u00edch th\\u01b0\\u1edbc\"]}}]"
  }
},
{
  "model": "admin.logentry",
  "pk": 194,
  "fields": {
    "action_time": "2026-04-19T10:53:10.642Z",
    "user": [
      "admin"
    ],
    "content_type": [
      "products",
      "product"
    ],
    "object_id": "26",
    "object_repr": "Rope Embroidery Knit Polo",
    "action_flag": 2,
    "change_message": "[{\"changed\": {\"fields\": [\"B\\u1ea3ng k\\u00edch th\\u01b0\\u1edbc\"]}}]"
  }
},
{
  "model": "admin.logentry",
  "pk": 195,
  "fields": {
    "action_time": "2026-04-19T10:53:21.086Z",
    "user": [
      "admin"
    ],
    "content_type": [
      "products",
      "product"
    ],
    "object_id": "25",
    "object_repr": "Classic Patches Polo",
    "action_flag": 2,
    "change_message": "[{\"changed\": {\"fields\": [\"B\\u1ea3ng k\\u00edch th\\u01b0\\u1edbc\"]}}]"
  }
},
{
  "model": "admin.logentry",
  "pk": 196,
  "fields": {
    "action_time": "2026-04-19T10:53:27.495Z",
    "user": [
      "admin"
    ],
    "content_type": [
      "products",
      "product"
    ],
    "object_id": "24",
    "object_repr": "Heart Patch Regular Polo",
    "action_flag": 2,
    "change_message": "[{\"changed\": {\"fields\": [\"B\\u1ea3ng k\\u00edch th\\u01b0\\u1edbc\"]}}]"
  }
},
{
  "model": "admin.logentry",
  "pk": 197,
  "fields": {
    "action_time": "2026-04-19T10:54:36.175Z",
    "user": [
      "admin"
    ],
    "content_type": [
      "products",
      "product"
    ],
    "object_id": "13",
    "object_repr": "Floral Silhouette T-Shirt",
    "action_flag": 2,
    "change_message": "[{\"changed\": {\"fields\": [\"B\\u1ea3ng k\\u00edch th\\u01b0\\u1edbc\"]}}]"
  }
},
{
  "model": "admin.logentry",
  "pk": 198,
  "fields": {
    "action_time": "2026-04-19T10:54:47.729Z",
    "user": [
      "admin"
    ],
    "content_type": [
      "products",
      "product"
    ],
    "object_id": "12",
    "object_repr": "The Underdogs T-shirt",
    "action_flag": 2,
    "change_message": "[{\"changed\": {\"fields\": [\"B\\u1ea3ng k\\u00edch th\\u01b0\\u1edbc\"]}}]"
  }
},
{
  "model": "admin.logentry",
  "pk": 199,
  "fields": {
    "action_time": "2026-04-19T10:54:54.875Z",
    "user": [
      "admin"
    ],
    "content_type": [
      "products",
      "product"
    ],
    "object_id": "11",
    "object_repr": "Graffiti Pony Print T-shirt",
    "action_flag": 2,
    "change_message": "[{\"changed\": {\"fields\": [\"B\\u1ea3ng k\\u00edch th\\u01b0\\u1edbc\"]}}]"
  }
},
{
  "model": "admin.logentry",
  "pk": 200,
  "fields": {
    "action_time": "2026-04-19T10:55:02.432Z",
    "user": [
      "admin"
    ],
    "content_type": [
      "products",
      "product"
    ],
    "object_id": "10",
    "object_repr": "Dico Lil Dino T-shirt",
    "action_flag": 2,
    "change_message": "[{\"changed\": {\"fields\": [\"B\\u1ea3ng k\\u00edch th\\u01b0\\u1edbc\"]}}]"
  }
},
{
  "model": "admin.logentry",
  "pk": 201,
  "fields": {
    "action_time": "2026-04-19T10:55:09.385Z",
    "user": [
      "admin"
    ],
    "content_type": [
      "products",
      "product"
    ],
    "object_id": "9",
    "object_repr": "Dico Fluffy Print T-Shirt",
    "action_flag": 2,
    "change_message": "[{\"changed\": {\"fields\": [\"B\\u1ea3ng k\\u00edch th\\u01b0\\u1edbc\"]}}]"
  }
},
{
  "model": "admin.logentry",
  "pk": 202,
  "fields": {
    "action_time": "2026-04-19T10:55:30.328Z",
    "user": [
      "admin"
    ],
    "content_type": [
      "products",
      "product"
    ],
    "object_id": "5",
    "object_repr": "Desert Sky T-Shirt",
    "action_flag": 2,
    "change_message": "[{\"changed\": {\"fields\": [\"B\\u1ea3ng k\\u00edch th\\u01b0\\u1edbc\"]}}]"
  }
},
{
  "model": "admin.logentry",
  "pk": 203,
  "fields": {
    "action_time": "2026-04-19T10:55:41.120Z",
    "user": [
      "admin"
    ],
    "content_type": [
      "products",
      "product"
    ],
    "object_id": "4",
    "object_repr": "British Passport Washed Tank Top",
    "action_flag": 2,
    "change_message": "[{\"changed\": {\"fields\": [\"B\\u1ea3ng k\\u00edch th\\u01b0\\u1edbc\"]}}]"
  }
},
{
  "model": "admin.logentry",
  "pk": 204,
  "fields": {
    "action_time": "2026-04-19T10:55:52.686Z",
    "user": [
      "admin"
    ],
    "content_type": [
      "products",
      "product"
    ],
    "object_id": "3",
    "object_repr": "Striped Soccer Polo Jersey",
    "action_flag": 2,
    "change_message": "[{\"changed\": {\"fields\": [\"B\\u1ea3ng k\\u00edch th\\u01b0\\u1edbc\"]}}]"
  }
},
{
  "model": "admin.logentry",
  "pk": 205,
  "fields": {
    "action_time": "2026-04-19T10:56:01.250Z",
    "user": [
      "admin"
    ],
    "content_type": [
      "products",
      "product"
    ],
    "object_id": "1",
    "object_repr": "Star 01 Football Jersey Croptop",
    "action_flag": 2,
    "change_message": "[{\"changed\": {\"fields\": [\"B\\u1ea3ng k\\u00edch th\\u01b0\\u1edbc\"]}}]"
  }
},
{
  "model": "admin.logentry",
  "pk": 206,
  "fields": {
    "action_time": "2026-04-19T11:14:26.043Z",
    "user": [
      "admin"
    ],
    "content_type": [
      "accounts",
      "profile"
    ],
    "object_id": "2",
    "object_repr": "gg",
    "action_flag": 2,
    "change_message": "[{\"changed\": {\"fields\": [\"Role\"]}}]"
  }
},
{
  "model": "admin.logentry",
  "pk": 207,
  "fields": {
    "action_time": "2026-04-19T11:15:11.590Z",
    "user": [
      "admin"
    ],
    "content_type": [
      "accounts",
      "profile"
    ],
    "object_id": "2",
    "object_repr": "gg",
    "action_flag": 2,
    "change_message": "[{\"changed\": {\"fields\": [\"Role\"]}}]"
  }
},
{
  "model": "admin.logentry",
  "pk": 208,
  "fields": {
    "action_time": "2026-04-19T11:19:06.247Z",
    "user": [
      "admin"
    ],
    "content_type": [
      "accounts",
      "profile"
    ],
    "object_id": "2",
    "object_repr": "gg",
    "action_flag": 2,
    "change_message": "[{\"changed\": {\"fields\": [\"Role\"]}}]"
  }
},
{
  "model": "admin.logentry",
  "pk": 209,
  "fields": {
    "action_time": "2026-04-19T11:20:30.806Z",
    "user": [
      "admin"
    ],
    "content_type": [
      "orders",
      "discountcode"
    ],
    "object_id": "4",
    "object_repr": "HBD_NGTHU848 (8%)",
    "action_flag": 2,
    "change_message": "[{\"changed\": {\"fields\": [\"Start date\"]}}]"
  }
},
{
  "model": "admin.logentry",
  "pk": 210,
  "fields": {
    "action_time": "2026-04-19T11:20:48.497Z",
    "user": [
      "admin"
    ],
    "content_type": [
      "orders",
      "discountcode"
    ],
    "object_id": "4",
    "object_repr": "HBD_NGTHU848 (8%)",
    "action_flag": 2,
    "change_message": "[{\"changed\": {\"fields\": [\"Start date\"]}}]"
  }
},
{
  "model": "admin.logentry",
  "pk": 211,
  "fields": {
    "action_time": "2026-04-19T11:40:13.957Z",
    "user": [
      "admin"
    ],
    "content_type": [
      "products",
      "color"
    ],
    "object_id": "5",
    "object_repr": "Nâu đất",
    "action_flag": 2,
    "change_message": "[{\"changed\": {\"fields\": [\"Name\", \"Code\"]}}]"
  }
}

]
